ticker,simulated_date,action_A,action_B,true_label,k_return,correct_A,correct_B,flip_helped,flip_hurt,confidence_B,rationale_B,flip_type,seller_control,low_conviction,breakdown_risk,mean_reversion,event_risk,fundamental_caution
NVDA,2025-02-03,BUY,SELL,BUY,0.19492533335723214,1.0,0,False,True,0.7,"FOR: Price vs. SMA: Price (116.63) is trading significantly below the SMA_20 (134.60), confirming active seller control and a broken short-term t AGAINST: ** Sustainability of the 12% QoQ revenue growth rate amid slight gross margin contraction. DECISION: Executing Research Manager policy-core recommendation to SELL. CONFIDENCE=MEDIUM.",BUY→SELL,True,False,True,False,False,True
XOM,2022-09-26,BUY,HOLD,BUY,0.17694691721265055,1.0,0,False,True,0.7,FOR: Technical exhaustion indicated by RSI at 29.83 and price below the Lower Bollinger Band AGAINST: Sustained downward momentum overriding oversold signals leading to a no-floor breakdown DECISION: Executing Research Manager policy-core recommendation to HOLD. CONFIDENCE=MEDIUM.,BUY→HOLD,False,False,True,True,False,False
XOM,2026-01-26,BUY,HOLD,BUY,0.12140315910836678,1.0,0,False,True,0.7,"FOR: Bullish MACD momentum and price action above SMA_20 AGAINST: The Jan 30 earnings report could validate fundamental concerns, triggering a sharp reversal from overbought RSI levels. DECISION: Executing Research Manager policy-core recommendation to HOLD. CONFIDENCE=MEDIUM.",BUY→HOLD,False,False,False,True,True,True
NVDA,2022-05-23,BUY,SELL,BUY,0.12001417490699978,1.0,0,False,True,0.75,"FOR: Price vs SMA_20: Current price (16.87) is trading below the 20-day SMA (18.00), confirming active seller control and a sustained short-term AGAINST: A technical mean-reversion bounce toward the 18.00 resistance level triggered by MACD selling exhaustion. DECISION: Executing Research Manager policy-core recommendation to SELL. CONFIDENCE=HIGH.",BUY→SELL,True,False,True,True,False,False
NVDA,2022-11-28,BUY,HOLD,BUY,0.10820028386166496,1.0,0,False,True,0.65,FOR: Bullish technical alignment with MACD and RSI providing room to reach the 17.47 resistance level AGAINST: The low volume ratio of 0.59 suggests the current price appreciation lacks conviction and is highly susceptible to exhaustion. DECISION: Executing Research Manager policy-core recommendation to HOLD. CONFIDENCE=MEDIUM.,BUY→HOLD,False,True,False,True,False,False
AAPL,2021-11-15,BUY,HOLD,BUY,0.10200015240008828,1.0,0,False,True,0.75,FOR: Price is currently pinned to the 146.40 SMA_20 support with decelerating MACD momentum AGAINST: A confirmed technical breakdown below 146.40 triggered by supply chain news could rapidly accelerate downside momentum. DECISION: Executing Research Manager policy-core recommendation to HOLD. CONFIDENCE=HIGH.,BUY→HOLD,False,False,True,True,True,False
JPM,2025-04-07,BUY,SELL,BUY,0.09862896129190615,1.0,0,False,True,0.75,"FOR: Price (211.43) is trading significantly below the 20-day SMA (232.01) following an 11.45% 5-day decline, confirming aggressive seller contro AGAINST: A technical mean-reversion bounce triggered by the RSI (30.44) reaching oversold territory near the 210.07 support level. DECISION: Executing Research Manager policy-core recommendation to SELL. CONFIDENCE=HIGH.",BUY→SELL,True,False,False,True,False,False
NVDA,2024-09-09,BUY,HOLD,BUY,0.0920442761679558,1.0,0,False,True,0.65,FOR: Accelerating bearish technical momentum indicated by a widening MACD histogram and price trading below the 20-day SMA. AGAINST: A decisive breach of the 100.52 support level could trigger a momentum-driven sell-off that overrides the buyback stabilization. DECISION: Executing Research Manager policy-core recommendation to HOLD. CONFIDENCE=MEDIUM.,BUY→HOLD,True,False,True,True,False,False
AAPL,2023-10-30,BUY,SELL,BUY,0.08663750722292742,1.0,0,False,True,0.65,"FOR: SMA_20 -> 172.88 -> Price (168.32) is sustained below this average, confirming active seller control and a bearish short-term trend. AGAINST: N/A DECISION: Executing Research Manager policy-core recommendation to SELL. CONFIDENCE=MEDIUM.",BUY→SELL,True,False,True,False,False,False
JNJ,2025-09-22,BUY,SELL,BUY,0.08007574300157475,1.0,0,False,True,0.65,"FOR: Price (172.2) has broken below the 20-day SMA (174.92), signaling a shift from neutral to active seller control. AGAINST: * Liquidity is constrained with a current ratio of 1.006, providing a minimal buffer for unexpected short-term cash requirements. DECISION: Executing Research Manager policy-core recommendation to SELL. CONFIDENCE=MEDIUM.",BUY→SELL,True,False,True,False,False,True
JNJ,2026-01-26,BUY,HOLD,BUY,0.07743005985742178,1.0,0,False,True,0.8,FOR: Strong 2026 sales guidance and bullish MACD/SMA alignment AGAINST: A high-volume breakout above $223.49 driven by analyst price target upgrades to $227. DECISION: Executing Research Manager policy-core recommendation to HOLD. CONFIDENCE=HIGH.,BUY→HOLD,False,False,False,True,True,False
AAPL,2022-10-17,BUY,SELL,BUY,0.0767500549862826,1.0,0,False,True,0.7,"FOR: Price vs SMA: 139.93 remains below the SMA_20 (142.91), confirming sellers maintain control of the short-term trend despite a 2.47% 5-day bo AGAINST: * Gross margin compressed by 100bps QoQ (43.3% to 42.3%), signaling active pressure on cost of revenue. DECISION: Executing Research Manager policy-core recommendation to SELL. CONFIDENCE=MEDIUM.",BUY→SELL,True,False,False,False,False,True
AAPL,2025-02-03,BUY,SELL,BUY,0.07336877258199058,1.0,0,False,True,0.65,"FOR: Price vs. SMAs: Price (226.77) is trading below the 20-day SMA (232.52) and 50-day SMA (238.92), confirming active seller control; 10-day SM AGAINST: A mean-reversion bounce triggered by the positive MACD histogram indicating decelerating downward momentum. DECISION: Executing Research Manager policy-core recommendation to SELL. CONFIDENCE=MEDIUM.",BUY→SELL,True,False,True,True,False,False
JPM,2024-06-17,BUY,SELL,BUY,0.07103308423934561,1.0,0,False,True,0.65,"FOR: Price (187.88) is trading below the SMA_20 (190.49), signaling that sellers have seized short-term control of the trend. AGAINST: A successful defense of the SMA_50 support level (187.70) bolstered by the Tempus AI IPO fee realization. DECISION: Executing Research Manager policy-core recommendation to SELL. CONFIDENCE=MEDIUM.",BUY→SELL,True,False,False,False,False,False
JPM,2023-06-26,BUY,HOLD,BUY,0.06640142997982697,1.0,0,False,True,0.75,FOR: Massive 58% revenue growth vs. severe -$111.2B negative operating cash flow AGAINST: A technical breakdown below the 130.17 structural floor if liquidity concerns outweigh earnings momentum. DECISION: Executing Research Manager policy-core recommendation to HOLD. CONFIDENCE=HIGH.,BUY→HOLD,False,False,True,False,False,True
XOM,2025-08-11,BUY,SELL,BUY,0.06566922952905722,1.0,0,False,True,0.65,"FOR: **QoQ Revenue Deceleration:** Revenue fell from $81.06B (Q1 2025) to $79.48B (Q2 2025), signaling a loss of top-line momentum. AGAINST: Broader commodity price pressure or supply-side volatility impacting sector-wide sentiment. DECISION: Executing Research Manager policy-core recommendation to SELL. CONFIDENCE=MEDIUM.",BUY→SELL,False,False,False,False,False,True
NVDA,2025-12-15,BUY,HOLD,BUY,0.06381530675845194,1.0,0,False,True,0.75,FOR: Record 21.9% QoQ revenue growth and Nemotron 3 product launch AGAINST: A decisive breach of the 174.63 support level could trigger a momentum-driven sell-off despite strong fundamentals. DECISION: Executing Research Manager policy-core recommendation to HOLD. CONFIDENCE=HIGH.,BUY→HOLD,False,False,True,False,True,True
JPM,2023-10-30,BUY,SELL,BUY,0.06083560663592888,1.0,0,False,True,0.75,"FOR: Price vs. SMA: Current price (130.84) is trading significantly below the SMA_20 (136.55), confirming active seller control and a clear short AGAINST: Technical mean-reversion bounce triggered by price compression against the Lower Bollinger Band at 130.11 DECISION: Executing Research Manager policy-core recommendation to SELL. CONFIDENCE=HIGH.",BUY→SELL,True,False,True,True,False,False
JNJ,2024-07-08,BUY,HOLD,BUY,0.06021448195227781,1.0,0,False,True,0.75,FOR: Significant 44% QoQ net income growth and $22.45B revenue acceleration AGAINST: Technical momentum could drive price toward the 137.22 support level if selling volume increases from its current low levels. DECISION: Executing Research Manager policy-core recommendation to HOLD. CONFIDENCE=HIGH.,BUY→HOLD,False,False,False,False,False,True
NVDA,2023-12-11,BUY,HOLD,BUY,0.05687676748129919,1.0,0,False,True,0.75,FOR: Extreme fundamental momentum with 49.3% QoQ net income growth and 73.9% gross margins. AGAINST: A high-velocity breach of the SMA_50 support level (45.64) if AMD MI300X adoption gains immediate traction with major CSPs. DECISION: Executing Research Manager policy-core recommendation to HOLD. CONFIDENCE=HIGH.,BUY→HOLD,False,False,False,False,False,False
JPM,2024-04-15,BUY,SELL,BUY,0.056810064610376625,1.0,0,False,True,0.75,FOR: Price Action: Current price (176.23) is significantly below the 20-day SMA (187.73) and has decisively broken the 50-day SMA (179.96) on hig AGAINST: A short-term mean-reversion bounce as the price is currently trading below the Lower Bollinger Band. DECISION: Executing Research Manager policy-core recommendation to SELL. CONFIDENCE=HIGH.,BUY→SELL,True,False,False,True,False,False
JPM,2024-09-30,BUY,HOLD,BUY,0.05680170197333251,1.0,0,False,True,0.85,FOR: Tight SMA_20 and SMA_50 convergence pinning price action at $204.31 AGAINST: A fundamental liquidity narrative triggered by negative OCF forcing a breakdown below the $195.91 support level. DECISION: Executing Research Manager policy-core recommendation to HOLD. CONFIDENCE=HIGH.,BUY→HOLD,False,False,True,False,False,True
JNJ,2023-07-17,BUY,HOLD,BUY,0.05318374019423261,1.0,0,False,True,0.75,FOR: Fundamental swing to $5.14B profit providing a valuation floor AGAINST: A breach of the 144.70 support level could trigger a high-velocity technical slide despite fundamental strength. DECISION: Executing Research Manager policy-core recommendation to HOLD. CONFIDENCE=HIGH.,BUY→HOLD,False,False,False,False,False,False
XOM,2025-04-07,BUY,SELL,BUY,0.05206918209920198,1.0,0,False,True,0.75,"FOR: Price (99.52) is trading significantly below the SMA_20 (110.01) following a sharp -13.52% 5-day decline, confirming a breakdown of short-te AGAINST: Extreme oversold RSI of 29.50 which could trigger a sharp technical mean-reversion bounce toward the 100.77 resistance level. DECISION: Executing Research Manager policy-core recommendation to SELL. CONFIDENCE=HIGH.",BUY→SELL,True,False,True,True,False,False
AAPL,2023-03-13,BUY,SELL,BUY,0.05190424120206811,1.0,0,False,True,0.65,"FOR: **Revenue Deceleration:** Most recent quarterly revenue ($117.15B) declined 5.5% YoY from $123.95B, signaling an active break in growth mome AGAINST: A high-volume defense of the SMA_20 support level at 148.23 could trigger a technical short-squeeze. DECISION: Executing Research Manager policy-core recommendation to SELL. CONFIDENCE=MEDIUM.",BUY→SELL,False,False,False,False,False,True
AAPL,2023-04-24,BUY,HOLD,BUY,0.04941602519994446,1.0,0,False,True,0.75,FOR: Bearish MACD crossover and negative histogram indicating decelerating momentum AGAINST: A breakdown of the 161.37 SMA_20 support level driven by the confirmed loss of upward momentum. DECISION: Executing Research Manager policy-core recommendation to HOLD. CONFIDENCE=HIGH.,BUY→HOLD,False,False,True,True,False,False
XOM,2023-01-09,BUY,HOLD,BUY,0.049230084956846484,1.0,0,False,True,0.75,FOR: Bullish MACD crossover and SMA_20 reclaim suggest short-term momentum AGAINST: A technical breakout above the 97.85 SMA_50 resistance could invalidate the fundamental bear case in the very short term. DECISION: Executing Research Manager policy-core recommendation to HOLD. CONFIDENCE=HIGH.,BUY→HOLD,False,False,False,True,False,False
JPM,2022-12-19,BUY,HOLD,BUY,0.04859292151509899,1.0,0,False,True,0.75,FOR: Accelerating Net Interest Income growth to $17.5B provides a fundamental floor AGAINST: A break below the 118.00 structural support level driven by the -$18.2B negative operating cash flow overhang DECISION: Executing Research Manager policy-core recommendation to HOLD. CONFIDENCE=HIGH.,BUY→HOLD,False,False,False,False,False,False
XOM,2025-06-30,BUY,HOLD,BUY,0.04740258609809067,1.0,0,False,True,0.75,FOR: Deteriorating fundamentals including an 8.2% QoQ net income drop and rising operating expenses creating 'negative jaws'. AGAINST: A sudden geopolitical de-escalation would leave the stock exposed to its weakening internal margins and bearish technical momentum. DECISION: Executing Research Manager policy-core recommendation to HOLD. CONFIDENCE=HIGH.,BUY→HOLD,False,False,False,False,False,False
XOM,2023-01-30,BUY,HOLD,BUY,0.045319320690442734,1.0,0,False,True,0.75,FOR: Bullish technical convergence with positive MACD and volume ratio supporting current price levels. AGAINST: A breach of the $100.11 SMA_20 support level could trigger a rapid fundamental repricing of the Q4 earnings miss. DECISION: Executing Research Manager policy-core recommendation to HOLD. CONFIDENCE=HIGH.,BUY→HOLD,False,False,False,True,False,False
NVDA,2022-07-25,BUY,HOLD,BUY,0.04517168197083741,1.0,0,False,True,0.7,FOR: Technical reclaim of SMA_50 and MACD bullish crossover AGAINST: A high-volume breakdown below the SMA_20 support (15.96) if the market reprices the margin compression. DECISION: Executing Research Manager policy-core recommendation to HOLD. CONFIDENCE=MEDIUM.,BUY→HOLD,False,False,True,True,False,True
JNJ,2022-10-17,BUY,HOLD,BUY,0.044300391173364755,1.0,0,False,True,0.75,FOR: Bullish MACD crossover and reclaim of 20/50-day SMAs vs. sequential net income and operating margin contraction AGAINST: A high-volume breach of the 151.62 resistance level would invalidate the fundamental bear case in the near term. DECISION: Executing Research Manager policy-core recommendation to HOLD. CONFIDENCE=HIGH.,BUY→HOLD,False,False,False,True,False,True
JPM,2022-05-23,BUY,HOLD,BUY,0.04390057687211777,1.0,0,False,True,0.7,"FOR: Technical momentum acceleration and SMA_20 reclaim AGAINST: Technical momentum overrides fundamental gravity, triggering a sustained rally toward the SMA_50. DECISION: Executing Research Manager policy-core recommendation to HOLD. CONFIDENCE=MEDIUM.",BUY→HOLD,False,False,False,False,False,False
XOM,2025-11-03,BUY,HOLD,BUY,0.04350645264455727,1.0,0,False,True,0.85,"FOR: Technical indicators including RSI (50.07) and MACD (0.02) are at absolute midpoints, signaling a total lack of directional momentum. AGAINST: A high-volume technical breakdown below the 20-day SMA ($111.90) if the market pivots to focus on margin compression in a catalyst vacuum. DECISION: Executing Research Manager policy-core recommendation to HOLD. CONFIDENCE=HIGH.",BUY→HOLD,False,False,True,True,False,True
JNJ,2022-02-28,BUY,SELL,BUY,0.043264163513480586,1.0,0,False,True,0.65,"FOR: Price vs. SMAs: Current price (146.54) remains below the 20-day SMA (148.57) and 50-day SMA (149.38), indicating sellers maintain control of AGAINST: N/A DECISION: Executing Research Manager policy-core recommendation to SELL. CONFIDENCE=MEDIUM.",BUY→SELL,True,False,False,False,False,False
JNJ,2025-01-13,BUY,HOLD,BUY,0.04090820153483315,1.0,0,False,True,0.75,FOR: The $14.6 billion ITCI acquisition provides a major neuroscience pipeline catalyst that directly counters the 27% collapse in Q4 operating income. AGAINST: A decisive breakout above the 20-day SMA (139.59) would signal that the market is prioritizing the ITCI growth narrative over the recent earnings quality issues. DECISION: Executing Research Manager policy-core recommendation to HOLD. CONF…,BUY→HOLD,False,False,False,False,False,False
AAPL,2022-05-23,BUY,SELL,BUY,0.03913065210871521,1.0,0,False,True,0.75,"FOR: Price vs SMA: Current price (140.42) is trading significantly below the SMA_20 (148.49), confirming active seller control and a clear short- AGAINST: A technical mean-reversion bounce triggered by RSI hitting oversold levels near the 132.02 support DECISION: Executing Research Manager policy-core recommendation to SELL. CONFIDENCE=HIGH.",BUY→SELL,True,False,True,True,False,False
AAPL,2024-11-11,BUY,HOLD,BUY,0.03853188888327073,1.0,0,False,True,0.75,FOR: Active bearish technical momentum below the 50-day SMA (225.25) and negative MACD crossover. AGAINST: A failure to reclaim the 225.25 resistance level following the M4 launch could accelerate a slide toward 218.73 support. DECISION: Executing Research Manager policy-core recommendation to HOLD. CONFIDENCE=HIGH.,BUY→HOLD,False,False,False,True,True,False
XOM,2025-10-13,BUY,HOLD,BUY,0.03296513514470543,1.0,0,False,True,0.75,FOR: Strong Q3 revenue rebound and $14.79B free cash flow provide a fundamental floor near the SMA_50 support level. AGAINST: A breakdown below the SMA_50 structural support at 109.41 could trigger a deeper technical correction regardless of fundamental strength. DECISION: Executing Research Manager policy-core recommendation to HOLD. CONFIDENCE=HIGH.,BUY→HOLD,False,False,True,False,False,True
JPM,2024-03-04,BUY,SELL,BUY,0.032033591715172095,1.0,0,False,True,0.7,FOR: Technical exhaustion indicated by an RSI of 76.4 near the 180.76 resistance level AGAINST: RSI exceeding 76 indicates an overbought state that may trigger a mean-reversion pause or consolidation if buying volume (0.94 ratio) fails DECISION: Executing Research Manager policy-core recommendation to SELL. CONFIDENCE=MEDIUM.,BUY→SELL,False,False,False,True,False,False
JNJ,2025-02-03,BUY,HOLD,BUY,0.028713029599638402,1.0,0,False,True,0.75,FOR: Accelerating MACD and price action above SMA_20 suggest tactical upside toward 148.92. AGAINST: Low volume conviction (0.69 ratio) suggests the technical rally may exhaust before reaching resistance if the market pivots to fundamental concerns. DECISION: Executing Research Manager policy-core recommendation to HOLD. CONFIDENCE=HIGH.,BUY→HOLD,False,True,False,True,False,True
AAPL,2022-01-17,BUY,HOLD,BUY,0.028327474766008574,1.0,0,False,True,0.75,FOR: Record $46.9B operating cash flow and holiday earnings provide a massive fundamental floor AGAINST: A high-volume breakdown below the $164.82 support level if seasonal normalization outweighs the fundamental liquidity floor DECISION: Executing Research Manager policy-core recommendation to HOLD. CONFIDENCE=HIGH.,BUY→HOLD,False,False,True,False,False,True
JPM,2024-01-22,BUY,HOLD,BUY,0.025806964471288357,1.0,0,False,True,0.75,FOR: Conflict between the surprise forecast of sustained record NII and the bearish MACD momentum crossover. AGAINST: A sudden breakout above the 165.78 resistance level if the market prioritizes the NII windfall over expense volatility. DECISION: Executing Research Manager policy-core recommendation to HOLD. CONFIDENCE=HIGH.,BUY→HOLD,False,False,False,True,False,False
AAPL,2024-09-09,BUY,HOLD,BUY,0.02516846533127332,1.0,0,False,True,0.8,FOR: High-volume technical breakdown below key SMAs AGAINST: Initial iPhone 16 demand signals significantly deviating from current market expectations DECISION: Executing Research Manager policy-core recommendation to HOLD. CONFIDENCE=HIGH.,BUY→HOLD,False,False,True,False,False,False
AAPL,2025-01-13,BUY,SELL,HOLD,0.01646767042509912,1.0,0,False,True,0.75,"FOR: Price vs SMAs: AAPL (233.13) is trading significantly below its 20-day SMA (247.25) and has lost the 50-day SMA (237.40), confirming a break AGAINST: * Liquidity: Current ratio of 0.92 indicates current liabilities exceed current assets, potentially limiting short-term financial flexibilit DECISION: Executing Research Manager policy-core recommendation to SELL. CONFIDENCE=HIGH.",BUY→SELL,True,False,False,False,False,True
NVDA,2025-04-07,BUY,SELL,HOLD,0.012802109984043668,1.0,0,False,True,0.75,"FOR: **Price vs. SMA:** Current price (97.62) is significantly below the SMA_20 (112.48), confirming a decisive breakdown and loss of short-term AGAINST: * Gross margins compressed to 73.0% from 74.6% in the prior quarter, continuing a two-quarter downward trend. DECISION: Executing Research Manager policy-core recommendation to SELL. CONFIDENCE=HIGH.",BUY→SELL,False,False,True,False,False,False
JNJ,2023-04-24,SELL,BUY,HOLD,-0.008369976828894983,1.0,0,False,True,0.65,"FOR: Price vs. SMA_20: Trading at 149.69, JNJ is positioned above its 20-day SMA (147.08), confirming that buyers currently control the short-ter AGAINST: Low volume ratio (0.68) suggests the current price appreciation lacks broad market conviction and is vulnerable to reversal. DECISION: Executing Research Manager policy-core recommendation to BUY. CONFIDENCE=MEDIUM.",SELL→BUY,False,True,False,False,False,False
