source,strategy,run_file,run_tag,run_timestamp,ticker,simulated_date,horizon,k,action,k_return,correct
baseline,buy_hold,baseline_recomputed,baseline,20260224_221035,AAPL,2021-10-25,short,10,BUY,0.0135867592475177,1
baseline,sma_crossover,baseline_recomputed,baseline,20260224_221035,AAPL,2021-10-25,short,10,SELL,0.0135867592475177,0
baseline,rsi_14,baseline_recomputed,baseline,20260224_221052,AAPL,2021-10-25,short,10,SELL,0.0135867592475177,0
baseline,random_uniform,baseline_recomputed,baseline,20260224_221109,AAPL,2021-10-25,short,10,HOLD,0.0135867592475177,1
baseline,buy_hold,baseline_recomputed,baseline,20260224_221035,AAPL,2021-11-15,short,10,BUY,0.1019999338837339,1
baseline,sma_crossover,baseline_recomputed,baseline,20260224_221035,AAPL,2021-11-15,short,10,BUY,0.1019999338837339,1
baseline,rsi_14,baseline_recomputed,baseline,20260224_221052,AAPL,2021-11-15,short,10,HOLD,0.1019999338837339,0
baseline,random_uniform,baseline_recomputed,baseline,20260224_221109,AAPL,2021-11-15,short,10,BUY,0.1019999338837339,1
baseline,buy_hold,baseline_recomputed,baseline,20260224_221035,AAPL,2021-12-27,short,10,BUY,-0.0451396545244717,0
baseline,sma_crossover,baseline_recomputed,baseline,20260224_221036,AAPL,2021-12-27,short,10,BUY,-0.0451396545244717,0
baseline,rsi_14,baseline_recomputed,baseline,20260224_221052,AAPL,2021-12-27,short,10,HOLD,-0.0451396545244717,0
baseline,random_uniform,baseline_recomputed,baseline,20260224_221109,AAPL,2021-12-27,short,10,BUY,-0.0451396545244717,0
baseline,buy_hold,baseline_recomputed,baseline,20260224_221035,AAPL,2022-01-17,short,10,BUY,0.0283275666002796,1
baseline,sma_crossover,baseline_recomputed,baseline,20260224_221036,AAPL,2022-01-17,short,10,BUY,0.0283275666002796,1
baseline,rsi_14,baseline_recomputed,baseline,20260224_221052,AAPL,2022-01-17,short,10,HOLD,0.0283275666002796,0
baseline,random_uniform,baseline_recomputed,baseline,20260224_221109,AAPL,2022-01-17,short,10,HOLD,0.0283275666002796,0
baseline,buy_hold,baseline_recomputed,baseline,20260224_221035,AAPL,2022-02-07,short,10,BUY,-0.0427589487963153,0
baseline,sma_crossover,baseline_recomputed,baseline,20260224_221036,AAPL,2022-02-07,short,10,SELL,-0.0427589487963153,1
baseline,rsi_14,baseline_recomputed,baseline,20260224_221052,AAPL,2022-02-07,short,10,HOLD,-0.0427589487963153,0
baseline,random_uniform,baseline_recomputed,baseline,20260224_221109,AAPL,2022-02-07,short,10,SELL,-0.0427589487963153,1
baseline,buy_hold,baseline_recomputed,baseline,20260224_221035,AAPL,2022-02-28,short,10,BUY,-0.0878150316145733,0
baseline,sma_crossover,baseline_recomputed,baseline,20260224_221036,AAPL,2022-02-28,short,10,HOLD,-0.0878150316145733,0
baseline,rsi_14,baseline_recomputed,baseline,20260224_221052,AAPL,2022-02-28,short,10,HOLD,-0.0878150316145733,0
baseline,random_uniform,baseline_recomputed,baseline,20260224_221109,AAPL,2022-02-28,short,10,BUY,-0.0878150316145733,0
baseline,buy_hold,baseline_recomputed,baseline,20260224_221035,AAPL,2022-04-11,short,10,BUY,-0.0539969095174122,0
baseline,sma_crossover,baseline_recomputed,baseline,20260224_221036,AAPL,2022-04-11,short,10,HOLD,-0.0539969095174122,0
baseline,rsi_14,baseline_recomputed,baseline,20260224_221052,AAPL,2022-04-11,short,10,HOLD,-0.0539969095174122,0
baseline,random_uniform,baseline_recomputed,baseline,20260224_221109,AAPL,2022-04-11,short,10,BUY,-0.0539969095174122,0
baseline,buy_hold,baseline_recomputed,baseline,20260224_221035,AAPL,2022-08-15,short,10,BUY,-0.0681909355520689,0
baseline,sma_crossover,baseline_recomputed,baseline,20260224_221036,AAPL,2022-08-15,short,10,BUY,-0.0681909355520689,0
baseline,rsi_14,baseline_recomputed,baseline,20260224_221053,AAPL,2022-08-15,short,10,SELL,-0.0681909355520689,1
baseline,random_uniform,baseline_recomputed,baseline,20260224_221109,AAPL,2022-08-15,short,10,BUY,-0.0681909355520689,0
baseline,buy_hold,baseline_recomputed,baseline,20260224_221035,AAPL,2022-09-26,short,10,BUY,-0.0686478640171003,0
baseline,sma_crossover,baseline_recomputed,baseline,20260224_221036,AAPL,2022-09-26,short,10,SELL,-0.0686478640171003,1
baseline,rsi_14,baseline_recomputed,baseline,20260224_221053,AAPL,2022-09-26,short,10,HOLD,-0.0686478640171003,0
baseline,random_uniform,baseline_recomputed,baseline,20260224_221109,AAPL,2022-09-26,short,10,HOLD,-0.0686478640171003,0
baseline,buy_hold,baseline_recomputed,baseline,20260224_221035,AAPL,2022-10-17,short,10,BUY,0.0767501807705103,1
baseline,sma_crossover,baseline_recomputed,baseline,20260224_221036,AAPL,2022-10-17,short,10,SELL,0.0767501807705103,0
baseline,rsi_14,baseline_recomputed,baseline,20260224_221053,AAPL,2022-10-17,short,10,HOLD,0.0767501807705103,0
baseline,random_uniform,baseline_recomputed,baseline,20260224_221109,AAPL,2022-10-17,short,10,BUY,0.0767501807705103,1
baseline,buy_hold,baseline_recomputed,baseline,20260224_221035,AAPL,2023-01-09,short,10,BUY,0.0951209604890594,1
baseline,sma_crossover,baseline_recomputed,baseline,20260224_221037,AAPL,2023-01-09,short,10,SELL,0.0951209604890594,0
baseline,rsi_14,baseline_recomputed,baseline,20260224_221053,AAPL,2023-01-09,short,10,HOLD,0.0951209604890594,0
baseline,random_uniform,baseline_recomputed,baseline,20260224_221109,AAPL,2023-01-09,short,10,HOLD,0.0951209604890594,0
baseline,buy_hold,baseline_recomputed,baseline,20260224_221035,AAPL,2023-04-03,short,10,BUY,0.0018052833439671,1
baseline,sma_crossover,baseline_recomputed,baseline,20260224_221037,AAPL,2023-04-03,short,10,BUY,0.0018052833439671,1
baseline,rsi_14,baseline_recomputed,baseline,20260224_221053,AAPL,2023-04-03,short,10,SELL,0.0018052833439671,0
baseline,random_uniform,baseline_recomputed,baseline,20260224_221109,AAPL,2023-04-03,short,10,HOLD,0.0018052833439671,1
baseline,buy_hold,baseline_recomputed,baseline,20260224_221035,AAPL,2023-05-15,short,10,BUY,0.0303946952328247,1
baseline,sma_crossover,baseline_recomputed,baseline,20260224_221037,AAPL,2023-05-15,short,10,BUY,0.0303946952328247,1
baseline,rsi_14,baseline_recomputed,baseline,20260224_221053,AAPL,2023-05-15,short,10,HOLD,0.0303946952328247,0
baseline,random_uniform,baseline_recomputed,baseline,20260224_221109,AAPL,2023-05-15,short,10,HOLD,0.0303946952328247,0
baseline,buy_hold,baseline_recomputed,baseline,20260224_221035,AAPL,2023-10-09,short,10,BUY,-0.0334655350174903,0
baseline,sma_crossover,baseline_recomputed,baseline,20260224_221037,AAPL,2023-10-09,short,10,SELL,-0.0334655350174903,1
baseline,rsi_14,baseline_recomputed,baseline,20260224_221053,AAPL,2023-10-09,short,10,HOLD,-0.0334655350174903,0
baseline,random_uniform,baseline_recomputed,baseline,20260224_221109,AAPL,2023-10-09,short,10,BUY,-0.0334655350174903,0
baseline,buy_hold,baseline_recomputed,baseline,20260224_221035,AAPL,2023-10-30,short,10,BUY,0.0866374993688154,1
baseline,sma_crossover,baseline_recomputed,baseline,20260224_221037,AAPL,2023-10-30,short,10,SELL,0.0866374993688154,0
baseline,rsi_14,baseline_recomputed,baseline,20260224_221053,AAPL,2023-10-30,short,10,BUY,0.0866374993688154,1
baseline,random_uniform,baseline_recomputed,baseline,20260224_221109,AAPL,2023-10-30,short,10,HOLD,0.0866374993688154,0
baseline,buy_hold,baseline_recomputed,baseline,20260224_221035,AAPL,2024-06-17,short,10,BUY,0.0166151350673887,1
baseline,sma_crossover,baseline_recomputed,baseline,20260224_221037,AAPL,2024-06-17,short,10,BUY,0.0166151350673887,1
baseline,rsi_14,baseline_recomputed,baseline,20260224_221053,AAPL,2024-06-17,short,10,SELL,0.0166151350673887,0
baseline,random_uniform,baseline_recomputed,baseline,20260224_221109,AAPL,2024-06-17,short,10,SELL,0.0166151350673887,0
baseline,buy_hold,baseline_recomputed,baseline,20260224_221035,AAPL,2024-12-02,short,10,BUY,0.0477900210553466,1
baseline,sma_crossover,baseline_recomputed,baseline,20260224_221037,AAPL,2024-12-02,short,10,HOLD,0.0477900210553466,0
baseline,rsi_14,baseline_recomputed,baseline,20260224_221054,AAPL,2024-12-02,short,10,SELL,0.0477900210553466,0
baseline,random_uniform,baseline_recomputed,baseline,20260224_221109,AAPL,2024-12-02,short,10,BUY,0.0477900210553466,1
baseline,buy_hold,baseline_recomputed,baseline,20260224_221035,AAPL,2024-12-23,short,10,BUY,-0.049242103472762,0
baseline,sma_crossover,baseline_recomputed,baseline,20260224_221037,AAPL,2024-12-23,short,10,BUY,-0.049242103472762,0
baseline,rsi_14,baseline_recomputed,baseline,20260224_221054,AAPL,2024-12-23,short,10,SELL,-0.049242103472762,1
baseline,random_uniform,baseline_recomputed,baseline,20260224_221109,AAPL,2024-12-23,short,10,BUY,-0.049242103472762,0
baseline,buy_hold,baseline_recomputed,baseline,20260224_221035,AAPL,2025-02-24,short,10,BUY,-0.0794010818379336,0
baseline,sma_crossover,baseline_recomputed,baseline,20260224_221038,AAPL,2025-02-24,short,10,SELL,-0.0794010818379336,1
baseline,rsi_14,baseline_recomputed,baseline,20260224_221054,AAPL,2025-02-24,short,10,HOLD,-0.0794010818379336,0
baseline,random_uniform,baseline_recomputed,baseline,20260224_221109,AAPL,2025-02-24,short,10,BUY,-0.0794010818379336,0
baseline,buy_hold,baseline_recomputed,baseline,20260224_221035,AAPL,2025-04-07,short,10,BUY,0.1007385041092239,1
baseline,sma_crossover,baseline_recomputed,baseline,20260224_221038,AAPL,2025-04-07,short,10,SELL,0.1007385041092239,0
baseline,rsi_14,baseline_recomputed,baseline,20260224_221054,AAPL,2025-04-07,short,10,HOLD,0.1007385041092239,0
baseline,random_uniform,baseline_recomputed,baseline,20260224_221109,AAPL,2025-04-07,short,10,BUY,0.1007385041092239,1
baseline,buy_hold,baseline_recomputed,baseline,20260224_221035,AAPL,2025-08-11,short,10,BUY,-8.802068136082665e-05,0
baseline,sma_crossover,baseline_recomputed,baseline,20260224_221038,AAPL,2025-08-11,short,10,BUY,-8.802068136082665e-05,0
baseline,rsi_14,baseline_recomputed,baseline,20260224_221054,AAPL,2025-08-11,short,10,HOLD,-8.802068136082665e-05,1
baseline,random_uniform,baseline_recomputed,baseline,20260224_221109,AAPL,2025-08-11,short,10,BUY,-8.802068136082665e-05,0
baseline,buy_hold,baseline_recomputed,baseline,20260224_221035,AAPL,2025-09-01,short,10,BUY,0.0366968160470748,1
baseline,sma_crossover,baseline_recomputed,baseline,20260224_221038,AAPL,2025-09-01,short,10,BUY,0.0366968160470748,1
baseline,rsi_14,baseline_recomputed,baseline,20260224_221054,AAPL,2025-09-01,short,10,HOLD,0.0366968160470748,0
baseline,random_uniform,baseline_recomputed,baseline,20260224_221109,AAPL,2025-09-01,short,10,HOLD,0.0366968160470748,0
baseline,buy_hold,baseline_recomputed,baseline,20260224_221035,AAPL,2025-09-22,short,10,BUY,0.0023820737384385,1
baseline,sma_crossover,baseline_recomputed,baseline,20260224_221038,AAPL,2025-09-22,short,10,BUY,0.0023820737384385,1
baseline,rsi_14,baseline_recomputed,baseline,20260224_221054,AAPL,2025-09-22,short,10,HOLD,0.0023820737384385,1
baseline,random_uniform,baseline_recomputed,baseline,20260224_221109,AAPL,2025-09-22,short,10,HOLD,0.0023820737384385,1
baseline,buy_hold,baseline_recomputed,baseline,20260224_221035,AAPL,2026-01-05,short,10,BUY,-0.0769288575465098,0
baseline,sma_crossover,baseline_recomputed,baseline,20260224_221038,AAPL,2026-01-05,short,10,HOLD,-0.0769288575465098,0
baseline,rsi_14,baseline_recomputed,baseline,20260224_221054,AAPL,2026-01-05,short,10,HOLD,-0.0769288575465098,0
baseline,random_uniform,baseline_recomputed,baseline,20260224_221109,AAPL,2026-01-05,short,10,BUY,-0.0769288575465098,0
baseline,buy_hold,baseline_recomputed,baseline,20260224_221035,AAPL,2026-01-26,short,10,BUY,0.0762184697368913,1
baseline,sma_crossover,baseline_recomputed,baseline,20260224_221038,AAPL,2026-01-26,short,10,SELL,0.0762184697368913,0
baseline,rsi_14,baseline_recomputed,baseline,20260224_221055,AAPL,2026-01-26,short,10,BUY,0.0762184697368913,1
baseline,random_uniform,baseline_recomputed,baseline,20260224_221109,AAPL,2026-01-26,short,10,HOLD,0.0762184697368913,0
baseline,buy_hold,baseline_recomputed,baseline,20260224_221035,JNJ,2021-10-25,short,10,BUY,-0.0073747248659124,0
baseline,sma_crossover,baseline_recomputed,baseline,20260224_221038,JNJ,2021-10-25,short,10,SELL,-0.0073747248659124,1
baseline,rsi_14,baseline_recomputed,baseline,20260224_221055,JNJ,2021-10-25,short,10,HOLD,-0.0073747248659124,1
baseline,random_uniform,baseline_recomputed,baseline,20260224_221109,JNJ,2021-10-25,short,10,BUY,-0.0073747248659124,0
baseline,buy_hold,baseline_recomputed,baseline,20260224_221035,JNJ,2021-11-15,short,10,BUY,-0.0401704162356893,0
baseline,sma_crossover,baseline_recomputed,baseline,20260224_221039,JNJ,2021-11-15,short,10,HOLD,-0.0401704162356893,0
baseline,rsi_14,baseline_recomputed,baseline,20260224_221055,JNJ,2021-11-15,short,10,HOLD,-0.0401704162356893,0
baseline,random_uniform,baseline_recomputed,baseline,20260224_221109,JNJ,2021-11-15,short,10,HOLD,-0.0401704162356893,0
baseline,buy_hold,baseline_recomputed,baseline,20260224_221035,JNJ,2021-12-27,short,10,BUY,0.0201566710891932,1
baseline,sma_crossover,baseline_recomputed,baseline,20260224_221039,JNJ,2021-12-27,short,10,HOLD,0.0201566710891932,1
baseline,rsi_14,baseline_recomputed,baseline,20260224_221055,JNJ,2021-12-27,short,10,SELL,0.0201566710891932,0
baseline,random_uniform,baseline_recomputed,baseline,20260224_221109,JNJ,2021-12-27,short,10,HOLD,0.0201566710891932,1
baseline,buy_hold,baseline_recomputed,baseline,20260224_221035,JNJ,2022-01-17,short,10,BUY,0.0226210966314236,1
baseline,sma_crossover,baseline_recomputed,baseline,20260224_221039,JNJ,2022-01-17,short,10,BUY,0.0226210966314236,1
baseline,rsi_14,baseline_recomputed,baseline,20260224_221055,JNJ,2022-01-17,short,10,HOLD,0.0226210966314236,1
baseline,random_uniform,baseline_recomputed,baseline,20260224_221109,JNJ,2022-01-17,short,10,HOLD,0.0226210966314236,1
baseline,buy_hold,baseline_recomputed,baseline,20260224_221035,JNJ,2022-02-07,short,10,BUY,-0.0519446812351448,0
baseline,sma_crossover,baseline_recomputed,baseline,20260224_221039,JNJ,2022-02-07,short,10,BUY,-0.0519446812351448,0
baseline,rsi_14,baseline_recomputed,baseline,20260224_221055,JNJ,2022-02-07,short,10,HOLD,-0.0519446812351448,0
baseline,random_uniform,baseline_recomputed,baseline,20260224_221109,JNJ,2022-02-07,short,10,HOLD,-0.0519446812351448,0
baseline,buy_hold,baseline_recomputed,baseline,20260224_221035,JNJ,2022-02-28,short,10,BUY,0.0432641878190912,1
baseline,sma_crossover,baseline_recomputed,baseline,20260224_221039,JNJ,2022-02-28,short,10,HOLD,0.0432641878190912,0
baseline,rsi_14,baseline_recomputed,baseline,20260224_221056,JNJ,2022-02-28,short,10,HOLD,0.0432641878190912,0
baseline,random_uniform,baseline_recomputed,baseline,20260224_221109,JNJ,2022-02-28,short,10,SELL,0.0432641878190912,0
baseline,buy_hold,baseline_recomputed,baseline,20260224_221035,JNJ,2022-04-11,short,10,BUY,0.0269127542987044,1
baseline,sma_crossover,baseline_recomputed,baseline,20260224_221039,JNJ,2022-04-11,short,10,BUY,0.0269127542987044,1
baseline,rsi_14,baseline_recomputed,baseline,20260224_221056,JNJ,2022-04-11,short,10,HOLD,0.0269127542987044,0
baseline,random_uniform,baseline_recomputed,baseline,20260224_221109,JNJ,2022-04-11,short,10,BUY,0.0269127542987044,1
baseline,buy_hold,baseline_recomputed,baseline,20260224_221035,JNJ,2022-08-15,short,10,BUY,-0.0120102790538783,0
baseline,sma_crossover,baseline_recomputed,baseline,20260224_221040,JNJ,2022-08-15,short,10,SELL,-0.0120102790538783,1
baseline,rsi_14,baseline_recomputed,baseline,20260224_221056,JNJ,2022-08-15,short,10,BUY,-0.0120102790538783,0
baseline,random_uniform,baseline_recomputed,baseline,20260224_221109,JNJ,2022-08-15,short,10,SELL,-0.0120102790538783,1
baseline,buy_hold,baseline_recomputed,baseline,20260224_221035,JNJ,2022-09-26,short,10,BUY,-0.0319249820642745,0
baseline,sma_crossover,baseline_recomputed,baseline,20260224_221040,JNJ,2022-09-26,short,10,SELL,-0.0319249820642745,1
baseline,rsi_14,baseline_recomputed,baseline,20260224_221056,JNJ,2022-09-26,short,10,HOLD,-0.0319249820642745,0
baseline,random_uniform,baseline_recomputed,baseline,20260224_221109,JNJ,2022-09-26,short,10,HOLD,-0.0319249820642745,0
baseline,buy_hold,baseline_recomputed,baseline,20260224_221035,JNJ,2022-10-17,short,10,BUY,0.0443004258046311,1
baseline,sma_crossover,baseline_recomputed,baseline,20260224_221040,JNJ,2022-10-17,short,10,HOLD,0.0443004258046311,0
baseline,rsi_14,baseline_recomputed,baseline,20260224_221056,JNJ,2022-10-17,short,10,HOLD,0.0443004258046311,0
baseline,random_uniform,baseline_recomputed,baseline,20260224_221109,JNJ,2022-10-17,short,10,SELL,0.0443004258046311,0
baseline,buy_hold,baseline_recomputed,baseline,20260224_221035,JNJ,2023-01-09,short,10,BUY,-0.0414056866556648,0
baseline,sma_crossover,baseline_recomputed,baseline,20260224_221040,JNJ,2023-01-09,short,10,BUY,-0.0414056866556648,0
baseline,rsi_14,baseline_recomputed,baseline,20260224_221056,JNJ,2023-01-09,short,10,HOLD,-0.0414056866556648,0
baseline,random_uniform,baseline_recomputed,baseline,20260224_221109,JNJ,2023-01-09,short,10,BUY,-0.0414056866556648,0
baseline,buy_hold,baseline_recomputed,baseline,20260224_221035,JNJ,2023-04-03,short,10,BUY,0.0265220958563219,1
baseline,sma_crossover,baseline_recomputed,baseline,20260224_221040,JNJ,2023-04-03,short,10,SELL,0.0265220958563219,0
baseline,rsi_14,baseline_recomputed,baseline,20260224_221057,JNJ,2023-04-03,short,10,HOLD,0.0265220958563219,0
baseline,random_uniform,baseline_recomputed,baseline,20260224_221109,JNJ,2023-04-03,short,10,BUY,0.0265220958563219,1
baseline,buy_hold,baseline_recomputed,baseline,20260224_221035,JNJ,2023-05-15,short,10,BUY,-0.0251663048441909,0
baseline,sma_crossover,baseline_recomputed,baseline,20260224_221040,JNJ,2023-05-15,short,10,BUY,-0.0251663048441909,0
baseline,rsi_14,baseline_recomputed,baseline,20260224_221057,JNJ,2023-05-15,short,10,HOLD,-0.0251663048441909,0
baseline,random_uniform,baseline_recomputed,baseline,20260224_221109,JNJ,2023-05-15,short,10,HOLD,-0.0251663048441909,0
baseline,buy_hold,baseline_recomputed,baseline,20260224_221035,JNJ,2023-10-09,short,10,BUY,-0.0450987238594393,0
baseline,sma_crossover,baseline_recomputed,baseline,20260224_221041,JNJ,2023-10-09,short,10,SELL,-0.0450987238594393,1
baseline,rsi_14,baseline_recomputed,baseline,20260224_221057,JNJ,2023-10-09,short,10,BUY,-0.0450987238594393,0
baseline,random_uniform,baseline_recomputed,baseline,20260224_221109,JNJ,2023-10-09,short,10,SELL,-0.0450987238594393,1
baseline,buy_hold,baseline_recomputed,baseline,20260224_221035,JNJ,2023-10-30,short,10,BUY,0.0040807955020822,1
baseline,sma_crossover,baseline_recomputed,baseline,20260224_221041,JNJ,2023-10-30,short,10,SELL,0.0040807955020822,0
baseline,rsi_14,baseline_recomputed,baseline,20260224_221057,JNJ,2023-10-30,short,10,BUY,0.0040807955020822,1
baseline,random_uniform,baseline_recomputed,baseline,20260224_221109,JNJ,2023-10-30,short,10,SELL,0.0040807955020822,0
baseline,buy_hold,baseline_recomputed,baseline,20260224_221035,JNJ,2024-06-17,short,10,BUY,0.0005482808931659,1
baseline,sma_crossover,baseline_recomputed,baseline,20260224_221041,JNJ,2024-06-17,short,10,HOLD,0.0005482808931659,1
baseline,rsi_14,baseline_recomputed,baseline,20260224_221057,JNJ,2024-06-17,short,10,HOLD,0.0005482808931659,1
baseline,random_uniform,baseline_recomputed,baseline,20260224_221109,JNJ,2024-06-17,short,10,SELL,0.0005482808931659,0
baseline,buy_hold,baseline_recomputed,baseline,20260224_221035,JNJ,2024-12-02,short,10,BUY,-0.0707364430664104,0
baseline,sma_crossover,baseline_recomputed,baseline,20260224_221041,JNJ,2024-12-02,short,10,SELL,-0.0707364430664104,1
baseline,rsi_14,baseline_recomputed,baseline,20260224_221057,JNJ,2024-12-02,short,10,HOLD,-0.0707364430664104,0
baseline,random_uniform,baseline_recomputed,baseline,20260224_221109,JNJ,2024-12-02,short,10,BUY,-0.0707364430664104,0
baseline,buy_hold,baseline_recomputed,baseline,20260224_221035,JNJ,2024-12-23,short,10,BUY,-0.020651261295629,0
baseline,sma_crossover,baseline_recomputed,baseline,20260224_221041,JNJ,2024-12-23,short,10,SELL,-0.020651261295629,1
baseline,rsi_14,baseline_recomputed,baseline,20260224_221058,JNJ,2024-12-23,short,10,BUY,-0.020651261295629,0
baseline,random_uniform,baseline_recomputed,baseline,20260224_221109,JNJ,2024-12-23,short,10,BUY,-0.020651261295629,0
baseline,buy_hold,baseline_recomputed,baseline,20260224_221035,JNJ,2025-02-24,short,10,BUY,0.0241845852412565,1
baseline,sma_crossover,baseline_recomputed,baseline,20260224_221041,JNJ,2025-02-24,short,10,BUY,0.0241845852412565,1
baseline,rsi_14,baseline_recomputed,baseline,20260224_221058,JNJ,2025-02-24,short,10,SELL,0.0241845852412565,0
baseline,random_uniform,baseline_recomputed,baseline,20260224_221109,JNJ,2025-02-24,short,10,SELL,0.0241845852412565,0
baseline,buy_hold,baseline_recomputed,baseline,20260224_221035,JNJ,2025-04-07,short,10,BUY,0.0473377530966343,1
baseline,sma_crossover,baseline_recomputed,baseline,20260224_221042,JNJ,2025-04-07,short,10,BUY,0.0473377530966343,1
baseline,rsi_14,baseline_recomputed,baseline,20260224_221058,JNJ,2025-04-07,short,10,HOLD,0.0473377530966343,0
baseline,random_uniform,baseline_recomputed,baseline,20260224_221109,JNJ,2025-04-07,short,10,BUY,0.0473377530966343,1
baseline,buy_hold,baseline_recomputed,baseline,20260224_221035,JNJ,2025-08-11,short,10,BUY,0.0264065975647132,1
baseline,sma_crossover,baseline_recomputed,baseline,20260224_221042,JNJ,2025-08-11,short,10,BUY,0.0264065975647132,1
baseline,rsi_14,baseline_recomputed,baseline,20260224_221058,JNJ,2025-08-11,short,10,HOLD,0.0264065975647132,0
baseline,random_uniform,baseline_recomputed,baseline,20260224_221109,JNJ,2025-08-11,short,10,BUY,0.0264065975647132,1
baseline,buy_hold,baseline_recomputed,baseline,20260224_221035,JNJ,2025-09-01,short,10,BUY,-0.0089856460782585,0
baseline,sma_crossover,baseline_recomputed,baseline,20260224_221042,JNJ,2025-09-01,short,10,BUY,-0.0089856460782585,0
baseline,rsi_14,baseline_recomputed,baseline,20260224_221058,JNJ,2025-09-01,short,10,HOLD,-0.0089856460782585,1
baseline,random_uniform,baseline_recomputed,baseline,20260224_221109,JNJ,2025-09-01,short,10,SELL,-0.0089856460782585,1
baseline,buy_hold,baseline_recomputed,baseline,20260224_221035,JNJ,2025-09-22,short,10,BUY,0.0800757514657344,1
baseline,sma_crossover,baseline_recomputed,baseline,20260224_221042,JNJ,2025-09-22,short,10,BUY,0.0800757514657344,1
baseline,rsi_14,baseline_recomputed,baseline,20260224_221058,JNJ,2025-09-22,short,10,HOLD,0.0800757514657344,0
baseline,random_uniform,baseline_recomputed,baseline,20260224_221109,JNJ,2025-09-22,short,10,BUY,0.0800757514657344,1
baseline,buy_hold,baseline_recomputed,baseline,20260224_221035,JNJ,2026-01-05,short,10,BUY,0.068033915723028,1
baseline,sma_crossover,baseline_recomputed,baseline,20260224_221042,JNJ,2026-01-05,short,10,BUY,0.068033915723028,1
baseline,rsi_14,baseline_recomputed,baseline,20260224_221059,JNJ,2026-01-05,short,10,HOLD,0.068033915723028,0
baseline,random_uniform,baseline_recomputed,baseline,20260224_221109,JNJ,2026-01-05,short,10,SELL,0.068033915723028,0
baseline,buy_hold,baseline_recomputed,baseline,20260224_221035,JNJ,2026-01-26,short,10,BUY,0.0774301028089219,1
baseline,sma_crossover,baseline_recomputed,baseline,20260224_221042,JNJ,2026-01-26,short,10,BUY,0.0774301028089219,1
baseline,rsi_14,baseline_recomputed,baseline,20260224_221059,JNJ,2026-01-26,short,10,SELL,0.0774301028089219,0
baseline,random_uniform,baseline_recomputed,baseline,20260224_221109,JNJ,2026-01-26,short,10,SELL,0.0774301028089219,0
baseline,buy_hold,baseline_recomputed,baseline,20260224_221035,JPM,2021-10-25,short,10,BUY,-0.0109979754698009,0
baseline,sma_crossover,baseline_recomputed,baseline,20260224_221042,JPM,2021-10-25,short,10,BUY,-0.0109979754698009,0
baseline,rsi_14,baseline_recomputed,baseline,20260224_221059,JPM,2021-10-25,short,10,HOLD,-0.0109979754698009,1
baseline,random_uniform,baseline_recomputed,baseline,20260224_221109,JPM,2021-10-25,short,10,HOLD,-0.0109979754698009,1
baseline,buy_hold,baseline_recomputed,baseline,20260224_221035,JPM,2021-11-15,short,10,BUY,-0.0464096391798045,0
baseline,sma_crossover,baseline_recomputed,baseline,20260224_221043,JPM,2021-11-15,short,10,BUY,-0.0464096391798045,0
baseline,rsi_14,baseline_recomputed,baseline,20260224_221059,JPM,2021-11-15,short,10,HOLD,-0.0464096391798045,0
baseline,random_uniform,baseline_recomputed,baseline,20260224_221109,JPM,2021-11-15,short,10,SELL,-0.0464096391798045,1
baseline,buy_hold,baseline_recomputed,baseline,20260224_221035,JPM,2021-12-27,short,10,BUY,0.0642573155866785,1
baseline,sma_crossover,baseline_recomputed,baseline,20260224_221043,JPM,2021-12-27,short,10,SELL,0.0642573155866785,0
baseline,rsi_14,baseline_recomputed,baseline,20260224_221059,JPM,2021-12-27,short,10,HOLD,0.0642573155866785,0
baseline,random_uniform,baseline_recomputed,baseline,20260224_221109,JPM,2021-12-27,short,10,BUY,0.0642573155866785,1
baseline,buy_hold,baseline_recomputed,baseline,20260224_221035,JPM,2022-01-17,short,10,BUY,-0.0007932910244786,0
baseline,sma_crossover,baseline_recomputed,baseline,20260224_221043,JPM,2022-01-17,short,10,HOLD,-0.0007932910244786,1
baseline,rsi_14,baseline_recomputed,baseline,20260224_221059,JPM,2022-01-17,short,10,HOLD,-0.0007932910244786,1
baseline,random_uniform,baseline_recomputed,baseline,20260224_221109,JPM,2022-01-17,short,10,HOLD,-0.0007932910244786,1
baseline,buy_hold,baseline_recomputed,baseline,20260224_221035,JPM,2022-02-07,short,10,BUY,-0.0078396236980624,0
baseline,sma_crossover,baseline_recomputed,baseline,20260224_221043,JPM,2022-02-07,short,10,SELL,-0.0078396236980624,1
baseline,rsi_14,baseline_recomputed,baseline,20260224_221059,JPM,2022-02-07,short,10,HOLD,-0.0078396236980624,1
baseline,random_uniform,baseline_recomputed,baseline,20260224_221109,JPM,2022-02-07,short,10,SELL,-0.0078396236980624,1
baseline,buy_hold,baseline_recomputed,baseline,20260224_221035,JPM,2022-02-28,short,10,BUY,-0.0820167370817862,0
baseline,sma_crossover,baseline_recomputed,baseline,20260224_221043,JPM,2022-02-28,short,10,SELL,-0.0820167370817862,1
baseline,rsi_14,baseline_recomputed,baseline,20260224_221059,JPM,2022-02-28,short,10,HOLD,-0.0820167370817862,0
baseline,random_uniform,baseline_recomputed,baseline,20260224_221109,JPM,2022-02-28,short,10,HOLD,-0.0820167370817862,0
baseline,buy_hold,baseline_recomputed,baseline,20260224_221035,JPM,2022-04-11,short,10,BUY,-0.0750375882300339,0
baseline,sma_crossover,baseline_recomputed,baseline,20260224_221043,JPM,2022-04-11,short,10,SELL,-0.0750375882300339,1
baseline,rsi_14,baseline_recomputed,baseline,20260224_221100,JPM,2022-04-11,short,10,HOLD,-0.0750375882300339,0
baseline,random_uniform,baseline_recomputed,baseline,20260224_221109,JPM,2022-04-11,short,10,BUY,-0.0750375882300339,0
baseline,buy_hold,baseline_recomputed,baseline,20260224_221035,JPM,2022-08-15,short,10,BUY,-0.0658992053895201,0
baseline,sma_crossover,baseline_recomputed,baseline,20260224_221043,JPM,2022-08-15,short,10,HOLD,-0.0658992053895201,0
baseline,rsi_14,baseline_recomputed,baseline,20260224_221100,JPM,2022-08-15,short,10,HOLD,-0.0658992053895201,0
baseline,random_uniform,baseline_recomputed,baseline,20260224_221109,JPM,2022-08-15,short,10,SELL,-0.0658992053895201,1
baseline,buy_hold,baseline_recomputed,baseline,20260224_221035,JPM,2022-09-26,short,10,BUY,-0.008059363694233,0
baseline,sma_crossover,baseline_recomputed,baseline,20260224_221043,JPM,2022-09-26,short,10,HOLD,-0.008059363694233,1
baseline,rsi_14,baseline_recomputed,baseline,20260224_221100,JPM,2022-09-26,short,10,HOLD,-0.008059363694233,1
baseline,random_uniform,baseline_recomputed,baseline,20260224_221109,JPM,2022-09-26,short,10,BUY,-0.008059363694233,0
baseline,buy_hold,baseline_recomputed,baseline,20260224_221035,JPM,2022-10-17,short,10,BUY,0.0864837007449319,1
baseline,sma_crossover,baseline_recomputed,baseline,20260224_221044,JPM,2022-10-17,short,10,SELL,0.0864837007449319,0
baseline,rsi_14,baseline_recomputed,baseline,20260224_221100,JPM,2022-10-17,short,10,HOLD,0.0864837007449319,0
baseline,random_uniform,baseline_recomputed,baseline,20260224_221109,JPM,2022-10-17,short,10,HOLD,0.0864837007449319,0
baseline,buy_hold,baseline_recomputed,baseline,20260224_221035,JPM,2023-01-09,short,10,BUY,0.0078622983613816,1
baseline,sma_crossover,baseline_recomputed,baseline,20260224_221044,JPM,2023-01-09,short,10,HOLD,0.0078622983613816,1
baseline,rsi_14,baseline_recomputed,baseline,20260224_221100,JPM,2023-01-09,short,10,SELL,0.0078622983613816,0
baseline,random_uniform,baseline_recomputed,baseline,20260224_221109,JPM,2023-01-09,short,10,SELL,0.0078622983613816,0
baseline,buy_hold,baseline_recomputed,baseline,20260224_221035,JPM,2023-04-03,short,10,BUY,0.0948809213493243,1
baseline,sma_crossover,baseline_recomputed,baseline,20260224_221044,JPM,2023-04-03,short,10,SELL,0.0948809213493243,0
baseline,rsi_14,baseline_recomputed,baseline,20260224_221100,JPM,2023-04-03,short,10,HOLD,0.0948809213493243,0
baseline,random_uniform,baseline_recomputed,baseline,20260224_221109,JPM,2023-04-03,short,10,HOLD,0.0948809213493243,0
baseline,buy_hold,baseline_recomputed,baseline,20260224_221035,JPM,2023-05-15,short,10,BUY,0.0164905110099714,1
baseline,sma_crossover,baseline_recomputed,baseline,20260224_221044,JPM,2023-05-15,short,10,BUY,0.0164905110099714,1
baseline,rsi_14,baseline_recomputed,baseline,20260224_221100,JPM,2023-05-15,short,10,HOLD,0.0164905110099714,1
baseline,random_uniform,baseline_recomputed,baseline,20260224_221109,JPM,2023-05-15,short,10,HOLD,0.0164905110099714,1
baseline,buy_hold,baseline_recomputed,baseline,20260224_221035,JPM,2023-10-09,short,10,BUY,-0.0260413149676815,0
baseline,sma_crossover,baseline_recomputed,baseline,20260224_221044,JPM,2023-10-09,short,10,SELL,-0.0260413149676815,1
baseline,rsi_14,baseline_recomputed,baseline,20260224_221101,JPM,2023-10-09,short,10,HOLD,-0.0260413149676815,0
baseline,random_uniform,baseline_recomputed,baseline,20260224_221109,JPM,2023-10-09,short,10,SELL,-0.0260413149676815,1
baseline,buy_hold,baseline_recomputed,baseline,20260224_221035,JPM,2023-10-30,short,10,BUY,0.0608356066359288,1
baseline,sma_crossover,baseline_recomputed,baseline,20260224_221044,JPM,2023-10-30,short,10,HOLD,0.0608356066359288,0
baseline,rsi_14,baseline_recomputed,baseline,20260224_221101,JPM,2023-10-30,short,10,BUY,0.0608356066359288,1
baseline,random_uniform,baseline_recomputed,baseline,20260224_221109,JPM,2023-10-30,short,10,HOLD,0.0608356066359288,0
baseline,buy_hold,baseline_recomputed,baseline,20260224_221035,JPM,2024-06-17,short,10,BUY,0.0710329972555888,1
baseline,sma_crossover,baseline_recomputed,baseline,20260224_221044,JPM,2024-06-17,short,10,BUY,0.0710329972555888,1
baseline,rsi_14,baseline_recomputed,baseline,20260224_221101,JPM,2024-06-17,short,10,HOLD,0.0710329972555888,0
baseline,random_uniform,baseline_recomputed,baseline,20260224_221109,JPM,2024-06-17,short,10,BUY,0.0710329972555888,1
baseline,buy_hold,baseline_recomputed,baseline,20260224_221035,JPM,2024-12-02,short,10,BUY,-0.0270862150653357,0
baseline,sma_crossover,baseline_recomputed,baseline,20260224_221044,JPM,2024-12-02,short,10,BUY,-0.0270862150653357,0
baseline,rsi_14,baseline_recomputed,baseline,20260224_221101,JPM,2024-12-02,short,10,SELL,-0.0270862150653357,1
baseline,random_uniform,baseline_recomputed,baseline,20260224_221109,JPM,2024-12-02,short,10,HOLD,-0.0270862150653357,0
baseline,buy_hold,baseline_recomputed,baseline,20260224_221035,JPM,2024-12-23,short,10,BUY,0.0251507544996548,1
baseline,sma_crossover,baseline_recomputed,baseline,20260224_221045,JPM,2024-12-23,short,10,BUY,0.0251507544996548,1
baseline,rsi_14,baseline_recomputed,baseline,20260224_221101,JPM,2024-12-23,short,10,HOLD,0.0251507544996548,0
baseline,random_uniform,baseline_recomputed,baseline,20260224_221109,JPM,2024-12-23,short,10,BUY,0.0251507544996548,1
baseline,buy_hold,baseline_recomputed,baseline,20260224_221035,JPM,2025-02-24,short,10,BUY,-0.1114256017650193,0
baseline,sma_crossover,baseline_recomputed,baseline,20260224_221045,JPM,2025-02-24,short,10,BUY,-0.1114256017650193,0
baseline,rsi_14,baseline_recomputed,baseline,20260224_221101,JPM,2025-02-24,short,10,HOLD,-0.1114256017650193,0
baseline,random_uniform,baseline_recomputed,baseline,20260224_221109,JPM,2025-02-24,short,10,BUY,-0.1114256017650193,0
baseline,buy_hold,baseline_recomputed,baseline,20260224_221035,JPM,2025-04-07,short,10,BUY,0.0986289612919061,1
baseline,sma_crossover,baseline_recomputed,baseline,20260224_221045,JPM,2025-04-07,short,10,SELL,0.0986289612919061,0
baseline,rsi_14,baseline_recomputed,baseline,20260224_221101,JPM,2025-04-07,short,10,HOLD,0.0986289612919061,0
baseline,random_uniform,baseline_recomputed,baseline,20260224_221109,JPM,2025-04-07,short,10,HOLD,0.0986289612919061,0
baseline,buy_hold,baseline_recomputed,baseline,20260224_221035,JPM,2025-08-11,short,10,BUY,0.0184417119370808,1
baseline,sma_crossover,baseline_recomputed,baseline,20260224_221045,JPM,2025-08-11,short,10,BUY,0.0184417119370808,1
baseline,rsi_14,baseline_recomputed,baseline,20260224_221101,JPM,2025-08-11,short,10,HOLD,0.0184417119370808,1
baseline,random_uniform,baseline_recomputed,baseline,20260224_221109,JPM,2025-08-11,short,10,BUY,0.0184417119370808,1
baseline,buy_hold,baseline_recomputed,baseline,20260224_221035,JPM,2025-09-01,short,10,BUY,0.0316649827272007,1
baseline,sma_crossover,baseline_recomputed,baseline,20260224_221045,JPM,2025-09-01,short,10,HOLD,0.0316649827272007,0
baseline,rsi_14,baseline_recomputed,baseline,20260224_221102,JPM,2025-09-01,short,10,HOLD,0.0316649827272007,0
baseline,random_uniform,baseline_recomputed,baseline,20260224_221109,JPM,2025-09-01,short,10,SELL,0.0316649827272007,0
baseline,buy_hold,baseline_recomputed,baseline,20260224_221035,JPM,2025-09-22,short,10,BUY,-0.0056230317835923,0
baseline,sma_crossover,baseline_recomputed,baseline,20260224_221045,JPM,2025-09-22,short,10,BUY,-0.0056230317835923,0
baseline,rsi_14,baseline_recomputed,baseline,20260224_221102,JPM,2025-09-22,short,10,HOLD,-0.0056230317835923,1
baseline,random_uniform,baseline_recomputed,baseline,20260224_221109,JPM,2025-09-22,short,10,BUY,-0.0056230317835923,0
baseline,buy_hold,baseline_recomputed,baseline,20260224_221035,JPM,2026-01-05,short,10,BUY,-0.0896133323654536,0
baseline,sma_crossover,baseline_recomputed,baseline,20260224_221045,JPM,2026-01-05,short,10,BUY,-0.0896133323654536,0
baseline,rsi_14,baseline_recomputed,baseline,20260224_221102,JPM,2026-01-05,short,10,HOLD,-0.0896133323654536,0
baseline,random_uniform,baseline_recomputed,baseline,20260224_221109,JPM,2026-01-05,short,10,BUY,-0.0896133323654536,0
baseline,buy_hold,baseline_recomputed,baseline,20260224_221035,JPM,2026-01-26,short,10,BUY,0.0699574706378309,1
baseline,sma_crossover,baseline_recomputed,baseline,20260224_221045,JPM,2026-01-26,short,10,BUY,0.0699574706378309,1
baseline,rsi_14,baseline_recomputed,baseline,20260224_221102,JPM,2026-01-26,short,10,BUY,0.0699574706378309,1
baseline,random_uniform,baseline_recomputed,baseline,20260224_221109,JPM,2026-01-26,short,10,BUY,0.0699574706378309,1
baseline,buy_hold,baseline_recomputed,baseline,20260224_221035,NVDA,2021-10-25,short,10,BUY,0.3297073846455936,1
baseline,sma_crossover,baseline_recomputed,baseline,20260224_221045,NVDA,2021-10-25,short,10,SELL,0.3297073846455936,0
baseline,rsi_14,baseline_recomputed,baseline,20260224_221102,NVDA,2021-10-25,short,10,SELL,0.3297073846455936,0
baseline,random_uniform,baseline_recomputed,baseline,20260224_221109,NVDA,2021-10-25,short,10,SELL,0.3297073846455936,0
baseline,buy_hold,baseline_recomputed,baseline,20260224_221035,NVDA,2021-11-15,short,10,BUY,0.0882930527537988,1
baseline,sma_crossover,baseline_recomputed,baseline,20260224_221046,NVDA,2021-11-15,short,10,BUY,0.0882930527537988,1
baseline,rsi_14,baseline_recomputed,baseline,20260224_221102,NVDA,2021-11-15,short,10,SELL,0.0882930527537988,0
baseline,random_uniform,baseline_recomputed,baseline,20260224_221109,NVDA,2021-11-15,short,10,SELL,0.0882930527537988,0
baseline,buy_hold,baseline_recomputed,baseline,20260224_221035,NVDA,2021-12-27,short,10,BUY,-0.114557995307028,0
baseline,sma_crossover,baseline_recomputed,baseline,20260224_221046,NVDA,2021-12-27,short,10,BUY,-0.114557995307028,0
baseline,rsi_14,baseline_recomputed,baseline,20260224_221102,NVDA,2021-12-27,short,10,HOLD,-0.114557995307028,0
baseline,random_uniform,baseline_recomputed,baseline,20260224_221109,NVDA,2021-12-27,short,10,SELL,-0.114557995307028,1
baseline,buy_hold,baseline_recomputed,baseline,20260224_221035,NVDA,2022-01-17,short,10,BUY,-0.0488360400239775,0
baseline,sma_crossover,baseline_recomputed,baseline,20260224_221046,NVDA,2022-01-17,short,10,SELL,-0.0488360400239775,1
baseline,rsi_14,baseline_recomputed,baseline,20260224_221102,NVDA,2022-01-17,short,10,BUY,-0.0488360400239775,0
baseline,random_uniform,baseline_recomputed,baseline,20260224_221109,NVDA,2022-01-17,short,10,HOLD,-0.0488360400239775,0
baseline,buy_hold,baseline_recomputed,baseline,20260224_221035,NVDA,2022-02-07,short,10,BUY,-0.0541086155454344,0
baseline,sma_crossover,baseline_recomputed,baseline,20260224_221046,NVDA,2022-02-07,short,10,SELL,-0.0541086155454344,1
baseline,rsi_14,baseline_recomputed,baseline,20260224_221102,NVDA,2022-02-07,short,10,HOLD,-0.0541086155454344,0
baseline,random_uniform,baseline_recomputed,baseline,20260224_221109,NVDA,2022-02-07,short,10,SELL,-0.0541086155454344,1
baseline,buy_hold,baseline_recomputed,baseline,20260224_221035,NVDA,2022-02-28,short,10,BUY,-0.1251326406084493,0
baseline,sma_crossover,baseline_recomputed,baseline,20260224_221046,NVDA,2022-02-28,short,10,SELL,-0.1251326406084493,1
baseline,rsi_14,baseline_recomputed,baseline,20260224_221102,NVDA,2022-02-28,short,10,HOLD,-0.1251326406084493,0
baseline,random_uniform,baseline_recomputed,baseline,20260224_221109,NVDA,2022-02-28,short,10,BUY,-0.1251326406084493,0
baseline,buy_hold,baseline_recomputed,baseline,20260224_221035,NVDA,2022-04-11,short,10,BUY,-0.1427658656855111,0
baseline,sma_crossover,baseline_recomputed,baseline,20260224_221046,NVDA,2022-04-11,short,10,BUY,-0.1427658656855111,0
baseline,rsi_14,baseline_recomputed,baseline,20260224_221103,NVDA,2022-04-11,short,10,HOLD,-0.1427658656855111,0
baseline,random_uniform,baseline_recomputed,baseline,20260224_221109,NVDA,2022-04-11,short,10,SELL,-0.1427658656855111,1
baseline,buy_hold,baseline_recomputed,baseline,20260224_221035,NVDA,2022-08-15,short,10,BUY,-0.1697666610457343,0
baseline,sma_crossover,baseline_recomputed,baseline,20260224_221046,NVDA,2022-08-15,short,10,BUY,-0.1697666610457343,0
baseline,rsi_14,baseline_recomputed,baseline,20260224_221103,NVDA,2022-08-15,short,10,HOLD,-0.1697666610457343,0
baseline,random_uniform,baseline_recomputed,baseline,20260224_221109,NVDA,2022-08-15,short,10,SELL,-0.1697666610457343,1
baseline,buy_hold,baseline_recomputed,baseline,20260224_221035,NVDA,2022-09-26,short,10,BUY,-0.0456330712872078,0
baseline,sma_crossover,baseline_recomputed,baseline,20260224_221046,NVDA,2022-09-26,short,10,SELL,-0.0456330712872078,1
baseline,rsi_14,baseline_recomputed,baseline,20260224_221103,NVDA,2022-09-26,short,10,HOLD,-0.0456330712872078,0
baseline,random_uniform,baseline_recomputed,baseline,20260224_221109,NVDA,2022-09-26,short,10,BUY,-0.0456330712872078,0
baseline,buy_hold,baseline_recomputed,baseline,20260224_221035,NVDA,2022-10-17,short,10,BUY,0.1353466263244469,1
baseline,sma_crossover,baseline_recomputed,baseline,20260224_221046,NVDA,2022-10-17,short,10,SELL,0.1353466263244469,0
baseline,rsi_14,baseline_recomputed,baseline,20260224_221103,NVDA,2022-10-17,short,10,HOLD,0.1353466263244469,0
baseline,random_uniform,baseline_recomputed,baseline,20260224_221109,NVDA,2022-10-17,short,10,HOLD,0.1353466263244469,0
baseline,buy_hold,baseline_recomputed,baseline,20260224_221035,NVDA,2023-01-09,short,10,BUY,0.2327234470586791,1
baseline,sma_crossover,baseline_recomputed,baseline,20260224_221046,NVDA,2023-01-09,short,10,BUY,0.2327234470586791,1
baseline,rsi_14,baseline_recomputed,baseline,20260224_221103,NVDA,2023-01-09,short,10,HOLD,0.2327234470586791,0
baseline,random_uniform,baseline_recomputed,baseline,20260224_221109,NVDA,2023-01-09,short,10,SELL,0.2327234470586791,0
baseline,buy_hold,baseline_recomputed,baseline,20260224_221035,NVDA,2023-04-03,short,10,BUY,-0.0106561715013694,0
baseline,sma_crossover,baseline_recomputed,baseline,20260224_221046,NVDA,2023-04-03,short,10,BUY,-0.0106561715013694,0
baseline,rsi_14,baseline_recomputed,baseline,20260224_221103,NVDA,2023-04-03,short,10,SELL,-0.0106561715013694,1
baseline,random_uniform,baseline_recomputed,baseline,20260224_221109,NVDA,2023-04-03,short,10,HOLD,-0.0106561715013694,1
baseline,buy_hold,baseline_recomputed,baseline,20260224_221035,NVDA,2023-05-15,short,10,BUY,0.3853831188769223,1
baseline,sma_crossover,baseline_recomputed,baseline,20260224_221046,NVDA,2023-05-15,short,10,BUY,0.3853831188769223,1
baseline,rsi_14,baseline_recomputed,baseline,20260224_221103,NVDA,2023-05-15,short,10,HOLD,0.3853831188769223,0
baseline,random_uniform,baseline_recomputed,baseline,20260224_221109,NVDA,2023-05-15,short,10,HOLD,0.3853831188769223,0
baseline,buy_hold,baseline_recomputed,baseline,20260224_221035,NVDA,2023-10-09,short,10,BUY,-0.0507586047106533,0
baseline,sma_crossover,baseline_recomputed,baseline,20260224_221047,NVDA,2023-10-09,short,10,SELL,-0.0507586047106533,1
baseline,rsi_14,baseline_recomputed,baseline,20260224_221103,NVDA,2023-10-09,short,10,HOLD,-0.0507586047106533,0
baseline,random_uniform,baseline_recomputed,baseline,20260224_221109,NVDA,2023-10-09,short,10,HOLD,-0.0507586047106533,0
baseline,buy_hold,baseline_recomputed,baseline,20260224_221035,NVDA,2023-10-30,short,10,BUY,0.1812152716371547,1
baseline,sma_crossover,baseline_recomputed,baseline,20260224_221047,NVDA,2023-10-30,short,10,SELL,0.1812152716371547,0
baseline,rsi_14,baseline_recomputed,baseline,20260224_221104,NVDA,2023-10-30,short,10,HOLD,0.1812152716371547,0
baseline,random_uniform,baseline_recomputed,baseline,20260224_221109,NVDA,2023-10-30,short,10,BUY,0.1812152716371547,1
baseline,buy_hold,baseline_recomputed,baseline,20260224_221035,NVDA,2024-06-17,short,10,BUY,-0.0634448388522782,0
baseline,sma_crossover,baseline_recomputed,baseline,20260224_221047,NVDA,2024-06-17,short,10,BUY,-0.0634448388522782,0
baseline,rsi_14,baseline_recomputed,baseline,20260224_221104,NVDA,2024-06-17,short,10,SELL,-0.0634448388522782,1
baseline,random_uniform,baseline_recomputed,baseline,20260224_221109,NVDA,2024-06-17,short,10,HOLD,-0.0634448388522782,0
baseline,buy_hold,baseline_recomputed,baseline,20260224_221035,NVDA,2024-12-02,short,10,BUY,-0.047759642683529,0
baseline,sma_crossover,baseline_recomputed,baseline,20260224_221047,NVDA,2024-12-02,short,10,BUY,-0.047759642683529,0
baseline,rsi_14,baseline_recomputed,baseline,20260224_221104,NVDA,2024-12-02,short,10,HOLD,-0.047759642683529,0
baseline,random_uniform,baseline_recomputed,baseline,20260224_221109,NVDA,2024-12-02,short,10,HOLD,-0.047759642683529,0
baseline,buy_hold,baseline_recomputed,baseline,20260224_221035,NVDA,2024-12-23,short,10,BUY,0.0031503970643356,1
baseline,sma_crossover,baseline_recomputed,baseline,20260224_221047,NVDA,2024-12-23,short,10,SELL,0.0031503970643356,0
baseline,rsi_14,baseline_recomputed,baseline,20260224_221104,NVDA,2024-12-23,short,10,HOLD,0.0031503970643356,1
baseline,random_uniform,baseline_recomputed,baseline,20260224_221109,NVDA,2024-12-23,short,10,BUY,0.0031503970643356,1
baseline,buy_hold,baseline_recomputed,baseline,20260224_221035,NVDA,2025-02-24,short,10,BUY,-0.178845638363878,0
baseline,sma_crossover,baseline_recomputed,baseline,20260224_221047,NVDA,2025-02-24,short,10,SELL,-0.178845638363878,1
baseline,rsi_14,baseline_recomputed,baseline,20260224_221104,NVDA,2025-02-24,short,10,HOLD,-0.178845638363878,0
baseline,random_uniform,baseline_recomputed,baseline,20260224_221109,NVDA,2025-02-24,short,10,HOLD,-0.178845638363878,0
baseline,buy_hold,baseline_recomputed,baseline,20260224_221035,NVDA,2025-04-07,short,10,BUY,0.012802188136232,1
baseline,sma_crossover,baseline_recomputed,baseline,20260224_221047,NVDA,2025-04-07,short,10,SELL,0.012802188136232,0
baseline,rsi_14,baseline_recomputed,baseline,20260224_221104,NVDA,2025-04-07,short,10,BUY,0.012802188136232,1
baseline,random_uniform,baseline_recomputed,baseline,20260224_221109,NVDA,2025-04-07,short,10,HOLD,0.012802188136232,1
baseline,buy_hold,baseline_recomputed,baseline,20260224_221035,NVDA,2025-08-11,short,10,BUY,-0.0123585233274996,0
baseline,sma_crossover,baseline_recomputed,baseline,20260224_221047,NVDA,2025-08-11,short,10,BUY,-0.0123585233274996,0
baseline,rsi_14,baseline_recomputed,baseline,20260224_221104,NVDA,2025-08-11,short,10,HOLD,-0.0123585233274996,1
baseline,random_uniform,baseline_recomputed,baseline,20260224_221109,NVDA,2025-08-11,short,10,BUY,-0.0123585233274996,0
baseline,buy_hold,baseline_recomputed,baseline,20260224_221035,NVDA,2025-09-01,short,10,BUY,0.0240652653957864,1
baseline,sma_crossover,baseline_recomputed,baseline,20260224_221047,NVDA,2025-09-01,short,10,BUY,0.0240652653957864,1
baseline,rsi_14,baseline_recomputed,baseline,20260224_221104,NVDA,2025-09-01,short,10,HOLD,0.0240652653957864,1
baseline,random_uniform,baseline_recomputed,baseline,20260224_221109,NVDA,2025-09-01,short,10,BUY,0.0240652653957864,1
baseline,buy_hold,baseline_recomputed,baseline,20260224_221035,NVDA,2025-09-22,short,10,BUY,0.0105113736708277,1
baseline,sma_crossover,baseline_recomputed,baseline,20260224_221047,NVDA,2025-09-22,short,10,HOLD,0.0105113736708277,1
baseline,rsi_14,baseline_recomputed,baseline,20260224_221104,NVDA,2025-09-22,short,10,HOLD,0.0105113736708277,1
baseline,random_uniform,baseline_recomputed,baseline,20260224_221109,NVDA,2025-09-22,short,10,SELL,0.0105113736708277,0
baseline,buy_hold,baseline_recomputed,baseline,20260224_221035,NVDA,2026-01-05,short,10,BUY,-0.0534232832969627,0
baseline,sma_crossover,baseline_recomputed,baseline,20260224_221047,NVDA,2026-01-05,short,10,SELL,-0.0534232832969627,1
baseline,rsi_14,baseline_recomputed,baseline,20260224_221104,NVDA,2026-01-05,short,10,HOLD,-0.0534232832969627,0
baseline,random_uniform,baseline_recomputed,baseline,20260224_221109,NVDA,2026-01-05,short,10,SELL,-0.0534232832969627,1
baseline,buy_hold,baseline_recomputed,baseline,20260224_221035,NVDA,2026-01-26,short,10,BUY,0.0191451281281662,1
baseline,sma_crossover,baseline_recomputed,baseline,20260224_221048,NVDA,2026-01-26,short,10,BUY,0.0191451281281662,1
baseline,rsi_14,baseline_recomputed,baseline,20260224_221104,NVDA,2026-01-26,short,10,HOLD,0.0191451281281662,1
baseline,random_uniform,baseline_recomputed,baseline,20260224_221109,NVDA,2026-01-26,short,10,SELL,0.0191451281281662,0
baseline,buy_hold,baseline_recomputed,baseline,20260224_221035,XOM,2021-10-25,short,10,BUY,0.021290009608043,1
baseline,sma_crossover,baseline_recomputed,baseline,20260224_221048,XOM,2021-10-25,short,10,BUY,0.021290009608043,1
baseline,rsi_14,baseline_recomputed,baseline,20260224_221105,XOM,2021-10-25,short,10,HOLD,0.021290009608043,1
baseline,random_uniform,baseline_recomputed,baseline,20260224_221109,XOM,2021-10-25,short,10,HOLD,0.021290009608043,1
baseline,buy_hold,baseline_recomputed,baseline,20260224_221035,XOM,2021-11-15,short,10,BUY,-0.0703743716469586,0
baseline,sma_crossover,baseline_recomputed,baseline,20260224_221048,XOM,2021-11-15,short,10,BUY,-0.0703743716469586,0
baseline,rsi_14,baseline_recomputed,baseline,20260224_221105,XOM,2021-11-15,short,10,HOLD,-0.0703743716469586,0
baseline,random_uniform,baseline_recomputed,baseline,20260224_221109,XOM,2021-11-15,short,10,HOLD,-0.0703743716469586,0
baseline,buy_hold,baseline_recomputed,baseline,20260224_221035,XOM,2021-12-27,short,10,BUY,0.1063178675149011,1
baseline,sma_crossover,baseline_recomputed,baseline,20260224_221048,XOM,2021-12-27,short,10,SELL,0.1063178675149011,0
baseline,rsi_14,baseline_recomputed,baseline,20260224_221105,XOM,2021-12-27,short,10,HOLD,0.1063178675149011,0
baseline,random_uniform,baseline_recomputed,baseline,20260224_221109,XOM,2021-12-27,short,10,HOLD,0.1063178675149011,0
baseline,buy_hold,baseline_recomputed,baseline,20260224_221035,XOM,2022-01-17,short,10,BUY,0.1060480014885196,1
baseline,sma_crossover,baseline_recomputed,baseline,20260224_221048,XOM,2022-01-17,short,10,BUY,0.1060480014885196,1
baseline,rsi_14,baseline_recomputed,baseline,20260224_221105,XOM,2022-01-17,short,10,SELL,0.1060480014885196,0
baseline,random_uniform,baseline_recomputed,baseline,20260224_221109,XOM,2022-01-17,short,10,BUY,0.1060480014885196,1
baseline,buy_hold,baseline_recomputed,baseline,20260224_221035,XOM,2022-02-07,short,10,BUY,-0.0616870568517995,0
baseline,sma_crossover,baseline_recomputed,baseline,20260224_221048,XOM,2022-02-07,short,10,BUY,-0.0616870568517995,0
baseline,rsi_14,baseline_recomputed,baseline,20260224_221105,XOM,2022-02-07,short,10,SELL,-0.0616870568517995,1
baseline,random_uniform,baseline_recomputed,baseline,20260224_221109,XOM,2022-02-07,short,10,HOLD,-0.0616870568517995,0
baseline,buy_hold,baseline_recomputed,baseline,20260224_221035,XOM,2022-02-28,short,10,BUY,0.0441213479141736,1
baseline,sma_crossover,baseline_recomputed,baseline,20260224_221048,XOM,2022-02-28,short,10,BUY,0.0441213479141736,1
baseline,rsi_14,baseline_recomputed,baseline,20260224_221105,XOM,2022-02-28,short,10,HOLD,0.0441213479141736,0
baseline,random_uniform,baseline_recomputed,baseline,20260224_221109,XOM,2022-02-28,short,10,SELL,0.0441213479141736,0
baseline,buy_hold,baseline_recomputed,baseline,20260224_221035,XOM,2022-04-11,short,10,BUY,-0.018604496233647,0
baseline,sma_crossover,baseline_recomputed,baseline,20260224_221049,XOM,2022-04-11,short,10,BUY,-0.018604496233647,0
baseline,rsi_14,baseline_recomputed,baseline,20260224_221106,XOM,2022-04-11,short,10,HOLD,-0.018604496233647,1
baseline,random_uniform,baseline_recomputed,baseline,20260224_221109,XOM,2022-04-11,short,10,BUY,-0.018604496233647,0
baseline,buy_hold,baseline_recomputed,baseline,20260224_221035,XOM,2022-08-15,short,10,BUY,0.0844890890480836,1
baseline,sma_crossover,baseline_recomputed,baseline,20260224_221049,XOM,2022-08-15,short,10,HOLD,0.0844890890480836,0
baseline,rsi_14,baseline_recomputed,baseline,20260224_221106,XOM,2022-08-15,short,10,HOLD,0.0844890890480836,0
baseline,random_uniform,baseline_recomputed,baseline,20260224_221109,XOM,2022-08-15,short,10,BUY,0.0844890890480836,1
baseline,buy_hold,baseline_recomputed,baseline,20260224_221035,XOM,2022-09-26,short,10,BUY,0.1769465925049212,1
baseline,sma_crossover,baseline_recomputed,baseline,20260224_221049,XOM,2022-09-26,short,10,BUY,0.1769465925049212,1
baseline,rsi_14,baseline_recomputed,baseline,20260224_221106,XOM,2022-09-26,short,10,BUY,0.1769465925049212,1
baseline,random_uniform,baseline_recomputed,baseline,20260224_221109,XOM,2022-09-26,short,10,BUY,0.1769465925049212,1
baseline,buy_hold,baseline_recomputed,baseline,20260224_221035,XOM,2022-10-17,short,10,BUY,0.1012719906567193,1
baseline,sma_crossover,baseline_recomputed,baseline,20260224_221049,XOM,2022-10-17,short,10,HOLD,0.1012719906567193,0
baseline,rsi_14,baseline_recomputed,baseline,20260224_221106,XOM,2022-10-17,short,10,SELL,0.1012719906567193,0
baseline,random_uniform,baseline_recomputed,baseline,20260224_221109,XOM,2022-10-17,short,10,SELL,0.1012719906567193,0
baseline,buy_hold,baseline_recomputed,baseline,20260224_221035,XOM,2023-01-09,short,10,BUY,0.0492303204552844,1
baseline,sma_crossover,baseline_recomputed,baseline,20260224_221049,XOM,2023-01-09,short,10,SELL,0.0492303204552844,0
baseline,rsi_14,baseline_recomputed,baseline,20260224_221106,XOM,2023-01-09,short,10,HOLD,0.0492303204552844,0
baseline,random_uniform,baseline_recomputed,baseline,20260224_221109,XOM,2023-01-09,short,10,SELL,0.0492303204552844,0
baseline,buy_hold,baseline_recomputed,baseline,20260224_221035,XOM,2023-04-03,short,10,BUY,0.0069750836959837,1
baseline,sma_crossover,baseline_recomputed,baseline,20260224_221049,XOM,2023-04-03,short,10,SELL,0.0069750836959837,0
baseline,rsi_14,baseline_recomputed,baseline,20260224_221106,XOM,2023-04-03,short,10,HOLD,0.0069750836959837,1
baseline,random_uniform,baseline_recomputed,baseline,20260224_221109,XOM,2023-04-03,short,10,SELL,0.0069750836959837,0
baseline,buy_hold,baseline_recomputed,baseline,20260224_221035,XOM,2023-05-15,short,10,BUY,-0.0098029202661322,0
baseline,sma_crossover,baseline_recomputed,baseline,20260224_221050,XOM,2023-05-15,short,10,BUY,-0.0098029202661322,0
baseline,rsi_14,baseline_recomputed,baseline,20260224_221107,XOM,2023-05-15,short,10,BUY,-0.0098029202661322,0
baseline,random_uniform,baseline_recomputed,baseline,20260224_221109,XOM,2023-05-15,short,10,BUY,-0.0098029202661322,0
baseline,buy_hold,baseline_recomputed,baseline,20260224_221035,XOM,2023-10-09,short,10,BUY,-0.0132529219757234,0
baseline,sma_crossover,baseline_recomputed,baseline,20260224_221050,XOM,2023-10-09,short,10,BUY,-0.0132529219757234,0
baseline,rsi_14,baseline_recomputed,baseline,20260224_221107,XOM,2023-10-09,short,10,BUY,-0.0132529219757234,0
baseline,random_uniform,baseline_recomputed,baseline,20260224_221109,XOM,2023-10-09,short,10,BUY,-0.0132529219757234,0
baseline,buy_hold,baseline_recomputed,baseline,20260224_221035,XOM,2023-10-30,short,10,BUY,-0.0098222633574792,0
baseline,sma_crossover,baseline_recomputed,baseline,20260224_221050,XOM,2023-10-30,short,10,SELL,-0.0098222633574792,1
baseline,rsi_14,baseline_recomputed,baseline,20260224_221107,XOM,2023-10-30,short,10,HOLD,-0.0098222633574792,1
baseline,random_uniform,baseline_recomputed,baseline,20260224_221109,XOM,2023-10-30,short,10,HOLD,-0.0098222633574792,1
baseline,buy_hold,baseline_recomputed,baseline,20260224_221035,XOM,2024-06-17,short,10,BUY,0.053709844085202,1
baseline,sma_crossover,baseline_recomputed,baseline,20260224_221050,XOM,2024-06-17,short,10,SELL,0.053709844085202,0
baseline,rsi_14,baseline_recomputed,baseline,20260224_221107,XOM,2024-06-17,short,10,HOLD,0.053709844085202,0
baseline,random_uniform,baseline_recomputed,baseline,20260224_221109,XOM,2024-06-17,short,10,HOLD,0.053709844085202,0
baseline,buy_hold,baseline_recomputed,baseline,20260224_221035,XOM,2024-12-02,short,10,BUY,-0.079592717653935,0
baseline,sma_crossover,baseline_recomputed,baseline,20260224_221050,XOM,2024-12-02,short,10,HOLD,-0.079592717653935,0
baseline,rsi_14,baseline_recomputed,baseline,20260224_221107,XOM,2024-12-02,short,10,HOLD,-0.079592717653935,0
baseline,random_uniform,baseline_recomputed,baseline,20260224_221109,XOM,2024-12-02,short,10,SELL,-0.079592717653935,1
baseline,buy_hold,baseline_recomputed,baseline,20260224_221035,XOM,2024-12-23,short,10,BUY,0.0059265753017516,1
baseline,sma_crossover,baseline_recomputed,baseline,20260224_221050,XOM,2024-12-23,short,10,SELL,0.0059265753017516,0
baseline,rsi_14,baseline_recomputed,baseline,20260224_221108,XOM,2024-12-23,short,10,BUY,0.0059265753017516,1
baseline,random_uniform,baseline_recomputed,baseline,20260224_221109,XOM,2024-12-23,short,10,BUY,0.0059265753017516,1
baseline,buy_hold,baseline_recomputed,baseline,20260224_221035,XOM,2025-02-24,short,10,BUY,0.0047632191903527,1
baseline,sma_crossover,baseline_recomputed,baseline,20260224_221051,XOM,2025-02-24,short,10,HOLD,0.0047632191903527,1
baseline,rsi_14,baseline_recomputed,baseline,20260224_221108,XOM,2025-02-24,short,10,HOLD,0.0047632191903527,1
baseline,random_uniform,baseline_recomputed,baseline,20260224_221109,XOM,2025-02-24,short,10,HOLD,0.0047632191903527,1
baseline,buy_hold,baseline_recomputed,baseline,20260224_221035,XOM,2025-04-07,short,10,BUY,0.0520691820992019,1
baseline,sma_crossover,baseline_recomputed,baseline,20260224_221051,XOM,2025-04-07,short,10,BUY,0.0520691820992019,1
baseline,rsi_14,baseline_recomputed,baseline,20260224_221108,XOM,2025-04-07,short,10,BUY,0.0520691820992019,1
baseline,random_uniform,baseline_recomputed,baseline,20260224_221109,XOM,2025-04-07,short,10,SELL,0.0520691820992019,0
baseline,buy_hold,baseline_recomputed,baseline,20260224_221035,XOM,2025-08-11,short,10,BUY,0.0656692295290572,1
baseline,sma_crossover,baseline_recomputed,baseline,20260224_221051,XOM,2025-08-11,short,10,HOLD,0.0656692295290572,0
baseline,rsi_14,baseline_recomputed,baseline,20260224_221108,XOM,2025-08-11,short,10,HOLD,0.0656692295290572,0
baseline,random_uniform,baseline_recomputed,baseline,20260224_221109,XOM,2025-08-11,short,10,SELL,0.0656692295290572,0
baseline,buy_hold,baseline_recomputed,baseline,20260224_221035,XOM,2025-09-01,short,10,BUY,-8.720832833456006e-05,0
baseline,sma_crossover,baseline_recomputed,baseline,20260224_221051,XOM,2025-09-01,short,10,SELL,-8.720832833456006e-05,1
baseline,rsi_14,baseline_recomputed,baseline,20260224_221108,XOM,2025-09-01,short,10,SELL,-8.720832833456006e-05,1
baseline,random_uniform,baseline_recomputed,baseline,20260224_221109,XOM,2025-09-01,short,10,HOLD,-8.720832833456006e-05,1
baseline,buy_hold,baseline_recomputed,baseline,20260224_221035,XOM,2025-09-22,short,10,BUY,0.019460820250363,1
baseline,sma_crossover,baseline_recomputed,baseline,20260224_221051,XOM,2025-09-22,short,10,BUY,0.019460820250363,1
baseline,rsi_14,baseline_recomputed,baseline,20260224_221108,XOM,2025-09-22,short,10,HOLD,0.019460820250363,1
baseline,random_uniform,baseline_recomputed,baseline,20260224_221109,XOM,2025-09-22,short,10,SELL,0.019460820250363,0
baseline,buy_hold,baseline_recomputed,baseline,20260224_221035,XOM,2026-01-05,short,10,BUY,0.0406829489625631,1
baseline,sma_crossover,baseline_recomputed,baseline,20260224_221051,XOM,2026-01-05,short,10,BUY,0.0406829489625631,1
baseline,rsi_14,baseline_recomputed,baseline,20260224_221108,XOM,2026-01-05,short,10,HOLD,0.0406829489625631,0
baseline,random_uniform,baseline_recomputed,baseline,20260224_221109,XOM,2026-01-05,short,10,BUY,0.0406829489625631,1
baseline,buy_hold,baseline_recomputed,baseline,20260224_221035,XOM,2026-01-26,short,10,BUY,0.1214031591083667,1
baseline,sma_crossover,baseline_recomputed,baseline,20260224_221051,XOM,2026-01-26,short,10,BUY,0.1214031591083667,1
baseline,rsi_14,baseline_recomputed,baseline,20260224_221109,XOM,2026-01-26,short,10,SELL,0.1214031591083667,0
baseline,random_uniform,baseline_recomputed,baseline,20260224_221109,XOM,2026-01-26,short,10,SELL,0.1214031591083667,0
