run_file,ticker,simulated_date,action,confidence_score,rationale,has_hedge,has_level,has_fund,has_risk,correct,k_return,run_tag,horizon,k,abs_k_return
batch_eval50_stageA_v3_20260304_153929.jsonl,NVDA,2023-10-30,HOLD,0.55,"FOR: Revenue accelerated 87.8% QoQ with net profit margins expanding to 45.8%, indicating explosive short-term demand. AGAINST: RSI and MACD indicate bearish momentum with the price trading below the 20-day SMA and a potential decline toward the 39.50 support level. DECISION: Due to the explicit conflict between strong fundamental growth and bearish technical indicators, a HOLD position is maintai…",False,True,True,False,0,0.18121519570530026,eval50_stageA_v3,short,10,0.18121519570530026
batch_eval50_stageA_v3_20260304_153929.jsonl,NVDA,2025-02-24,BUY,0.61,"FOR: Strong quarterly revenue of $39.33B and positive MACD momentum suggest a continued upward trajectory for the stock. AGAINST: Decelerating QoQ revenue growth and potential sector volatility from the SMCI regulatory deadline could dampen short-term sentiment. DECISION: Executing a BUY order as recommended by the Research Manager, given the absence of explicit signal conflicts and solid fundamen…",False,True,True,True,0,-0.178845638363878,eval50_stageA_v3,short,10,0.178845638363878
batch_eval50_stageA_v3_20260304_153929.jsonl,XOM,2022-09-26,HOLD,0.52,"FOR: Net income surged 225.7% QoQ to $17.85B, demonstrating massive operational leverage and robust cash flow. AGAINST: Price is trading significantly below the 20-day SMA and Lower Bollinger Band, confirming strong bearish momentum despite oversold RSI levels. DECISION: An explicit conflict between bullish fundamental performance and bearish technical indicators necessitates a HOLD action as reco…",True,True,True,True,0,0.17694681500516302,eval50_stageA_v3,short,10,0.17694681500516302
batch_eval50_stageA_v3_20260304_153929.jsonl,NVDA,2022-02-28,BUY,0.71,FOR: Record quarterly sales of $7.64B and doubled net income exceeding expectations provide strong fundamental support and news momentum. AGAINST: Low volume recovery and price trading below the SMA_20 resistance indicate potential short-term technical weakness. DECISION: Executing a BUY order as recommended by the Research Manager since fundamental and news signals are bullish without any bearish…,False,True,True,False,0,-0.12513301284337064,eval50_stageA_v3,short,10,0.12513301284337064
batch_eval50_stageA_v3_20260304_153929.jsonl,JPM,2025-02-24,HOLD,0.55,"FOR: Technical indicators show accelerating bearish momentum with the MACD below the signal line and the price approaching the lower Bollinger Band. AGAINST: Positive news regarding strategic expansion into active ETFs and operational efficiency provides a bullish counter-narrative. DECISION: Due to the explicit conflict between bearish technical signals and bullish news sentiment, a HOLD position…",False,True,False,False,0,-0.11142566134895894,eval50_stageA_v3,short,10,0.11142566134895894
batch_eval50_stageA_v3_20260304_153929.jsonl,AAPL,2021-11-15,HOLD,0.55,"FOR: Sequential revenue growth of 2.4% and robust liquidity provide a stable financial floor for the stock. AGAINST: Severe supply chain constraints, evidenced by a 50% iPad production cut, and a bearish MACD crossover pose significant downside risks. DECISION: Following the Research Manager's recommendation to HOLD due to neutral signals across all categories and a lack of clear directional momen…",False,True,True,False,0,0.10199981932380739,eval50_stageA_v3,short,10,0.10199981932380739
batch_eval50_stageA_v3_20260304_153929.jsonl,JPM,2026-01-05,HOLD,0.71,FOR: Technical indicators show strong bullish momentum with an RSI of 66.41 and positive MACD. AGAINST: Fundamental data indicates a revenue decline of 3.2% QoQ and margin compression due to rising operating expenses. DECISION: An explicit conflict between bearish fundamental signals and bullish technical/news signals requires a HOLD action per execution rules. CONFIDENCE=MEDIUM,False,True,True,False,0,-0.08961333236545363,eval50_stageA_v3,short,10,0.08961333236545363
batch_eval50_stageA_v3_20260304_153929.jsonl,AAPL,2022-02-28,HOLD,0.55,"FOR: Revenue growth of 48.6% QoQ and a high ROE of 48.1% demonstrate strong fundamental momentum. AGAINST: The stock is trading below its 20-day SMA with a negative MACD histogram, indicating a bearish technical trend. DECISION: Due to the explicit conflict between bullish fundamental growth and bearish technical indicators, a HOLD position is maintained as recommended.",False,True,True,False,0,-0.08781467919397458,eval50_stageA_v3,short,10,0.08781467919397458
batch_eval50_stageA_v3_20260304_153929.jsonl,AAPL,2023-10-30,HOLD,0.55,"FOR: Strong QoQ revenue growth of 9.4% and positive sentiment from the M3 chip launch provide a solid fundamental and news-driven backdrop. AGAINST: The price is currently trading below the 20-day SMA with negative MACD momentum, indicating a short-term bearish technical trend. DECISION: Due to the explicit conflict between bullish fundamental/news signals and bearish technical indicators, a HOLD …",False,True,True,False,0,0.08663731020498153,eval50_stageA_v3,short,10,0.08663731020498153
batch_eval50_stageA_v3_20260304_153929.jsonl,JPM,2022-02-28,HOLD,0.54,FOR: Four consecutive quarters of revenue decline and price action below the Lower Bollinger Band indicate strong bearish momentum. AGAINST: The successful demonstration of a metropolitan QKD network for JPM's Liink blockchain provides a significant bullish innovation catalyst. DECISION: An explicit conflict between bearish fundamental/technical signals and bullish news sentiment requires maintain…,False,True,True,False,0,-0.08201696108798054,eval50_stageA_v3,short,10,0.08201696108798054
batch_eval50_stageA_v3_20260304_153929.jsonl,XOM,2024-12-02,HOLD,0.55,FOR: Technical indicators show a bearish trend with the price trading below key moving averages and declining revenue growth. AGAINST: Strong operating cash flow of $17.57B and a healthy current ratio provide a defensive buffer against further downside. DECISION: Following the Research Manager's recommendation to HOLD due to the lack of a clear bullish catalyst and proximity to support levels like…,False,True,True,False,0,-0.07959264471503574,eval50_stageA_v3,short,10,0.07959264471503574
batch_eval50_stageA_v3_20260304_153929.jsonl,AAPL,2025-02-24,BUY,0.68,FOR: Strong fundamental revenue acceleration to $124.3B combined with bullish technical momentum and an RSI below overbought levels. AGAINST: Potential institutional selling pressure from Berkshire Hathaway's portfolio reductions and a current ratio below 1.0 indicating liquidity constraints. DECISION: Following the Research Manager's BUY recommendation as both fundamental and technical signals ar…,False,True,True,True,0,-0.07940108183793369,eval50_stageA_v3,short,10,0.07940108183793369
batch_eval50_stageA_v3_20260304_153929.jsonl,AAPL,2026-01-05,HOLD,0.55,"FOR: Revenue accelerated 40.3% QoQ to $143.76B, indicating massive short-term demand and high-margin scaling. AGAINST: Technical indicators show bearish momentum with an RSI of 36.75 and the price trading below the Lower Bollinger Band. DECISION: Due to the explicit conflict between bullish fundamental growth and bearish technical momentum, a HOLD position is maintained as recommended.",False,True,True,False,0,-0.07692885754650981,eval50_stageA_v3,short,10,0.07692885754650981
batch_eval50_stageA_v3_20260304_153929.jsonl,JNJ,2024-12-02,HOLD,0.55,FOR: Negative news regarding workforce reductions in China and margin pressure from domestic competition support a cautious or bearish outlook. AGAINST: A bullish MACD crossover and price stability above the 20-day SMA suggest potential upward momentum that could challenge the bearish sentiment. DECISION: Following the Research Manager's recommendation to HOLD as the neutral fundamental and techni…,False,True,True,False,0,-0.070736352663135,eval50_stageA_v3,short,10,0.070736352663135
batch_eval50_stageA_v3_20260304_153929.jsonl,XOM,2021-11-15,BUY,0.65,FOR: Strong Q3 revenue growth and positive long-term earnings guidance from the CEO provide a solid fundamental foundation. AGAINST: A bearish MACD crossover and cooling 5-day price trend suggest potential short-term consolidation or a test of the $54.95 support level. DECISION: Execute the Research Manager's BUY recommendation as no explicit bearish signals exist to create a conflict. CONFIDENCE=…,False,True,True,False,0,-0.07037456342009095,eval50_stageA_v3,short,10,0.07037456342009095
